,-0.209333,-0.205147,-0.20096,-0.196773,-0.192587,-0.1884,-0.184213,-0.180027,-0.17584,-0.171653,-0.167467,-0.16328,-0.159093,-0.154907,-0.15072,-0.146533,-0.142347,-0.13816,-0.133973,-0.129787,-0.1256,-0.121413,-0.117227,-0.11304,-0.108853,-0.104667,-0.10048,-0.0962935,-0.0921068,-0.0879201,-0.0837335,-0.0795468,-0.0753601,-0.0711735,-0.0669868,-0.0628001,-0.0586134,-0.0544268,-0.0502401,-0.0460534,-0.0418668,-0.0376801,-0.0334934,-0.0293068,-0.0251201,-0.0209334,-0.0167468,-0.0125601,-0.00837344,-0.00418677,-1.08E-07,0.00418656,0.00837323,0.0125599,0.0167466,0.0209332,0.0251199,0.0293066,0.0334932,0.0376799,0.0418666,0.0460532,0.0502399,0.0544266,0.0586132,0.0627999,0.0669866,0.0711732,0.0753599,0.0795466,0.0837332,0.0879199,0.0921066,0.0962932,0.10048,0.104667,0.108853,0.11304,0.117227,0.121413,0.1256,0.129787,0.133973,0.13816,0.142347,0.146533,0.15072,0.154907,0.159093,0.16328,0.167467,0.171653,0.17584,0.180026,0.184213,0.1884,0.192586,0.196773,0.20096,0.205146
-0.3,-20.0001,-20.0001,-20.0001,-20.0001,-20.0001,-20.0001,-20.0001,-20,-20,-20,-20,-20,-20,-20,-20,-20,-20,-20,-20,-20,-20,-20,-20,-20,-20,-20,-20,-20,-20,-20,-20,-20,-20,-20,-20,-20,-20,-20,-20,-20,-20,-20,-20,-20,-20,-20,-20,-20,-20,-20,-20,-20,-20,-20,-20,-20,-20,-20,-19.6279,-16.9614,-14.8356,-13.1014,-11.6596,-10.442,-9.40011,-8.49844,-7.71047,-7.01598,-6.59773,-6.44121,-6.28099,-6.11694,-5.94892,-5.77679,-5.6004,-5.41957,-5.23415,-5.04396,-4.84881,-4.6485,-4.44283,-4.23158,-4.01452,-3.7914,-3.56197,-3.32597,-3.08309,-2.83304,-2.5755,-2.31011,-2.03653,-1.75436,-1.4632,-1.1626,-0.8521,-0.531204,-0.199381,0.142007,0.475722,0.798392
-0.294,-20.0001,-20.0001,-20.0001,-20.0001,-20.0001,-20.0001,-20.0001,-20,-20,-20,-20,-20,-20,-20,-20,-20,-20,-20,-20,-20,-20,-20,-20,-20,-20,-20,-20,-20,-20,-20,-20,-20,-20,-20,-20,-20,-20,-20,-20,-20,-20,-20,-20,-20,-20,-20,-20,-20,-20,-20,-20,-20,-20,-20,-20,-20,-20,-19.8357,-17.1247,-14.9675,-13.21,-11.7506,-10.5193,-9.46665,-8.5563,-7.76125,-7.06088,-6.60832,-6.45204,-6.29207,-6.12829,-5.96054,-5.7887,-5.61259,-5.43207,-5.24697,-5.0571,-4.86229,-4.66234,-4.45704,-4.24617,-4.02951,-3.80681,-3.57781,-3.34226,-3.09985,-2.8503,-2.59326,-2.32842,-2.0554,-1.77382,-1.48327,-1.18331,-0.873492,-0.553309,-0.222234,0.118974,0.453468,0.77688,1.08975
-0.288,-20.0001,-20.0001,-20.0001,-20.0001,-20.0001,-20.0001,-20,-20,-20,-20,-20,-20,-20,-20,-20,-20,-20,-20,-20,-20,-20,-20,-20,-20,-20,-20,-20,-20,-20,-20,-20,-20,-20,-20,-20,-20,-20,-20,-20,-20,-20,-20,-20,-20,-20,-20,-20,-20,-20,-20,-20,-20,-20,-20,-20,-20,-20,-17.2907,-15.1011,-13.3199,-11.8426,-10.5975,-9.53386,-8.6147,-7.81247,-7.10616,-6.61888,-6.46285,-6.30314,-6.13962,-5.97215,-5.80058,-5.62477,-5.44456,-5.25977,-5.07023,-4.87576,-4.67616,-4.47123,-4.26074,-4.04447,-3.82219,-3.59363,-3.35852,-3.11659,-2.86752,-2.611,-2.34669,-2.07423,-1.79324,-1.5033,-1.20399,-0.89485,-0.575375,-0.245047,0.0958762,0.431152,0.755307,1.06889,1.3724
-0.282,-20.0001,-20.0001,-20.0001,-20.0001,-20,-20,-20,-20,-20,-20,-20,-20,-20,-20,-20,-20,-20,-20,-20,-20,-20,-20,-20,-20,-20,-20,-20,-20,-20,-20,-20,-20,-20,-20,-20,-20,-20,-20,-20,-20,-20,-20,-20,-20,-20,-20,-20,-20,-20,-20,-20,-20,-20,-20,-20,-20,-17.4593,-15.2367,-13.4313,-11.9358,-10.6765,-9.60176,-8.67367,-7.86414,-7.15183,-6.62944,-6.47365,-6.31419,-6.15093,-5.98374,-5.81245,-5.63693,-5.45702,-5.27255,-5.08334,-4.88921,-4.68996,-4.48539,-4.27529,-4.05942,-3.83755,-3.60942,-3.37476,-3.1333,-2.88472,-2.62871,-2.36494,-2.09304,-1.81263,-1.52331,-1.22464,-0.916169,-0.597402,-0.267818,0.0727109,0.408772,0.733675,1.04797,1.35216,1.64673
-0.276,-20.0001,-20.0001,-20.0001,-20,-20,-20,-20,-20,-20,-20,-20,-20,-20,-20,-20,-20,-20,-20,-20,-20,-20,-20,-20,-20,-20,-20,-20,-20,-20,-20,-20,-20,-20,-20,-20,-20,-20,-20,-20,-20,-20,-20,-20,-20,-20,-20,-20,-20,-20,-20,-20,-20,-20,-20,-20,-17.6307,-15.3743,-13.5442,-12.03,-10.7565,-9.67036,-8.73319,-7.91628,-7.19788,-6.63997,-6.48443,-6.32523,-6.16223,-5.99531,-5.8243,-5.64908,-5.46947,-5.28531,-5.09643,-4.90263,-4.70374,-4.49954,-4.28982,-4.07434,-3.85288,-3.62519,-3.39098,-3.14998,-2.90189,-2.64639,-2.38315,-2.11181,-1.83199,-1.54328,-1.24525,-0.937451,-0.619391,-0.290548,0.0494807,0.38633,0.711984,1.02699,1.33186,1.62708,1.91309
-0.27,-20.0001,-20.0001,-20,-20,-20,-20,-20,-20,-20,-20,-20,-20,-20,-20,-20,-20,-20,-20,-20,-20,-20,-20,-20,-20,-20,-20,-20,-20,-20,-20,-20,-20,-20,-20,-20,-20,-20,-20,-20,-20,-20,-20,-20,-20,-20,-20,-20,-20,-20,-20,-20,-20,-20,-20,-17.8047,-15.5138,-13.6585,-12.1254,-10.8372,-9.73966,-8.79329,-7.96889,-7.24432,-6.6505,-6.4952,-6.33625,-6.17352,-6.00686,-5.83614,-5.66121,-5.4819,-5.29805,-5.1095,-4.91604,-4.7175,-4.51366,-4.30432,-4.08924,-3.8682,-3.64093,-3.40717,-3.16664,-2.91903,-2.66405,-2.40134,-2.13055,-1.85131,-1.56321,-1.26582,-0.958696,-0.641341,-0.313237,0.0261843,0.363826,0.69023,1.00595,1.3115,1.60737,1.89401,2.17183
-0.264,-20,-20,-20,-20,-20,-20,-20,-20,-20,-20,-20,-20,-20,-20,-20,-20,-20,-20,-20,-20,-20,-20,-20,-20,-20,-20,-20,-20,-20,-20,-20,-20,-20,-20,-20,-20,-20,-20,-20,-20,-20,-20,-20,-20,-20,-20,-20,-20,-20,-20,-20,-20,-20,-17.9817,-15.6554,-13.7744,-12.222,-10.9189,-9.80968,-8.85396,-8.02198,-7.29115,-6.66101,-6.50595,-6.34725,-6.18478,-6.0184,-5.84796,-5.67331,-5.49431,-5.31078,-5.12254,-4.92943,-4.73124,-4.52777,-4.3188,-4.10412,-3.88349,-3.65664,-3.42333,-3.18327,-2.93615,-2.68167,-2.41949,-2.14926,-1.8706,-1.58311,-1.28636,-0.979903,-0.66325,-0.335885,0.00282223,0.341258,0.668418,0.984858,1.29109,1.58761,1.87487,2.15329,2.42328
-0.258,-20,-20,-20,-20,-20,-20,-20,-20,-20,-20,-20,-20,-20,-20,-20,-20,-20,-20,-20,-20,-20,-20,-20,-20,-20,-20,-20,-20,-20,-20,-20,-20,-20,-20,-20,-20,-20,-20,-20,-20,-20,-20,-20,-20,-20,-20,-20,-20,-20,-20,-20,-20,-18.1615,-15.7991,-13.8918,-12.3197,-11.0015,-9.88041,-8.91522,-8.07554,-7.33838,-6.68604,-6.51669,-6.35824,-6.19603,-6.02992,-5.85976,-5.68541,-5.5067,-5.32348,-5.13557,-4.9428,-4.74495,-4.54185,-4.33326,-4.11898,-3.89875,-3.67234,-3.43947,-3.19987,-2.95324,-2.69927,-2.43762,-2.16794,-1.88986,-1.60297,-1.30686,-1.00107,-0.685121,-0.35849,-0.0206356,0.318628,0.646546,0.963704,1.27063,1.5678,1.85568,2.1347,2.40525,2.66773
-0.252,-20,-20,-20,-20,-20,-20,-20,-20,-20,-20,-20,-20,-20,-20,-20,-20,-20,-20,-20,-20,-20,-20,-20,-20,-20,-20,-20,-20,-20,-20,-20,-20,-20,-20,-20,-20,-20,-20,-20,-20,-20,-20,-20,-20,-20,-20,-20,-20,-20,-20,-20,-18.3443,-15.9448,-14.0107,-12.4186,-11.0851,-9.95189,-8.97707,-8.12959,-7.38601,-6.72834,-6.52741,-6.36922,-6.20727,-6.04142,-5.87154,-5.69748,-5.51908,-5.33617,-5.14859,-4.95614,-4.75865,-4.55591,-4.3477,-4.13381,-3.91399,-3.688,-3.45558,-3.21644,-2.9703,-2.71683,-2.45571,-2.18659,-1.90908,-1.62281,-1.32733,-1.0222,-0.70695,-0.381056,-0.0439723,0.295935,0.624613,0.942496,1.25011,1.54794,1.83644,2.11606,2.38718,2.6502,2.90547
-0.246,-20,-20,-20,-20,-20,-20,-20,-20,-20,-20,-20,-20,-20,-20,-20,-20,-20,-20,-20,-20,-20,-20,-20,-20,-20,-20,-20,-20,-20,-20,-20,-20,-20,-20,-20,-20,-20,-20,-20,-20,-20,-20,-20,-20,-20,-20,-20,-20,-20,-20,-18.5302,-16.0928,-14.1313,-12.5187,-11.1695,-10.0241,-9.03953,-8.18413,-7.43405,-6.77098,-6.53812,-6.38018,-6.21848,-6.05291,-5.88331,-5.70954,-5.53143,-5.34884,-5.16158,-4.96947,-4.77232,-4.56994,-4.36211,-4.14861,-3.92921,-3.70364,-3.47167,-3.23299,-2.98733,-2.73437,-2.47377,-2.2052,-1.92828,-1.6426,-1.34776,-1.0433,-0.728742,-0.40358,-0.067266,0.273177,0.602619,0.921229,1.22953,1.52802,1.81715,2.09737,2.36906,2.63263,2.88842,3.13678
-0.24,-20,-20,-20,-20,-20,-20,-20,-20,-20,-20,-20,-20,-20,-20,-20,-20,-20,-20,-20,-20,-20,-20,-20,-20,-20,-20,-20,-20,-20,-20,-20,-20,-20,-20,-20,-20,-20,-20,-20,-20,-20,-20,-20,-20,-20,-20,-20,-20,-20,-18.7191,-16.2429,-14.2535,-12.62,-11.255,-10.0971,-9.10259,-8.23917,-7.48251,-6.81396,-6.54881,-6.39112,-6.22969,-6.06438,-5.89506,-5.72157,-5.54377,-5.36148,-5.17455,-4.98277,-4.78598,-4.58396,-4.37651,-4.1634,-3.9444,-3.71926,-3.48773,-3.24951,-3.00433,-2.75187,-2.49181,-2.22378,-1.94743,-1.66236,-1.36815,-1.06435,-0.750493,-0.426061,-0.090516,0.250358,0.580566,0.899905,1.2089,1.50805,1.79781,2.07863,2.3509,2.61501,2.87133,3.12019,3.36191
-0.234,-20,-20,-20,-20,-20,-20,-20,-20,-20,-20,-20,-20,-20,-20,-20,-20,-20,-20,-20,-20,-20,-20,-20,-20,-20,-20,-20,-20,-20,-20,-20,-20,-20,-20,-20,-20,-20,-20,-20,-20,-20,-20,-20,-20,-20,-20,-20,-20,-18.9113,-16.3954,-14.3773,-12.7227,-11.3414,-10.1708,-9.16627,-8.29471,-7.53138,-6.85729,-6.55948,-6.40204,-6.24087,-6.07583,-5.90679,-5.73359,-5.55609,-5.37411,-5.1875,-4.99606,-4.79961,-4.59795,-4.39088,-4.17816,-3.95957,-3.73485,-3.50376,-3.26601,-3.02131,-2.76935,-2.50981,-2.24233,-1.96656,-1.68209,-1.38851,-1.08537,-0.772205,-0.448501,-0.113721,0.227476,0.558451,0.878522,1.18821,1.48803,1.77842,2.05984,2.33269,2.59735,2.85419,3.10356,3.34576,3.58111
-0.228,-20,-20,-20,-20,-20,-20,-20,-20,-20,-20,-20,-20,-20,-20,-20,-20,-20,-20,-20,-20,-20,-20,-20,-20,-20,-20,-20,-20,-20,-20,-20,-20,-20,-20,-20,-20,-20,-20,-20,-20,-20,-20,-20,-20,-20,-20,-20,-19.1068,-16.5501,-14.5028,-12.8265,-11.4287,-10.2454,-9.23058,-8.35077,-7.58067,-6.90097,-6.57014,-6.41295,-6.25204,-6.08727,-5.9185,-5.74559,-5.56839,-5.38672,-5.20043,-5.00932,-4.81322,-4.61193,-4.40522,-4.1929,-3.97471,-3.75042,-3.51977,-3.28247,-3.03825,-2.7868,-2.52778,-2.26085,-1.98565,-1.70178,-1.40883,-1.10635,-0.793875,-0.470898,-0.136883,0.20453,0.536278,0.857082,1.16747,1.46795,1.75898,2.041,2.31443,2.57964,2.83701,3.08688,3.32957,3.56538,3.79461
-0.222,-20,-20,-20,-20,-20,-20,-20,-20,-20,-20,-20,-20,-20,-20,-20,-20,-20,-20,-20,-20,-20,-20,-20,-20,-20,-20,-20,-20,-20,-20,-20,-20,-20,-20,-20,-20,-20,-20,-20,-20,-20,-20,-20,-20,-20,-20,-19.3056,-16.7072,-14.6301,-12.9317,-11.5171,-10.3207,-9.29552,-8.40734,-7.63039,-6.94501,-6.58078,-6.42384,-6.26319,-6.09869,-5.9302,-5.75758,-5.58067,-5.39931,-5.21334,-5.02257,-4.82681,-4.62587,-4.41955,-4.20761,-3.98983,-3.76596,-3.53575,-3.29891,-3.05517,-2.80422,-2.54572,-2.27934,-2.00471,-1.72144,-1.42911,-1.12729,-0.815506,-0.493254,-0.16,0.181523,0.514046,0.835584,1.14668,1.44782,1.73949,2.02212,2.29612,2.56189,2.81979,3.07017,3.31334,3.54962,3.77929,4.00263
-0.216,-20,-20,-20,-20,-20,-20,-20,-20,-20,-20,-20,-20,-20,-20,-20,-20,-20,-20,-20,-20,-20,-20,-20,-20,-20,-20,-20,-20,-20,-20,-20,-20,-20,-20,-20,-20,-20,-20,-20,-20,-20,-20,-20,-20,-20,-19.5078,-16.8667,-14.7591,-13.0382,-11.6065,-10.3968,-9.3611,-8.46443,-7.68054,-6.98941,-6.59141,-6.43472,-6.27432,-6.11009,-5.94188,-5.76954,-5.59293,-5.41188,-5.22623,-5.03579,-4.84038,-4.6398,-4.43385,-4.2223,-4.00492,-3.78147,-3.5517,-3.31533,-3.07206,-2.8216,-2.56363,-2.29779,-2.02373,-1.74106,-1.44936,-1.14819,-0.837095,-0.515567,-0.183072,0.158451,0.491751,0.81403,1.12582,1.42764,1.71994,2.00318,2.27777,2.54409,2.80253,3.05341,3.29707,3.53381,3.76393,3.9877,4.20538
-0.21,-20,-20,-20,-20,-20,-20,-20,-20,-20,-20,-20,-20,-20,-20,-20,-20,-20,-20,-20,-20,-20,-20,-20,-20,-20,-20,-20,-20,-20,-20,-20,-20,-20,-20,-20,-20,-20,-20,-20,-20,-20,-20,-20,-20,-19.7136,-17.0287,-14.89,-13.1461,-11.697,-10.4737,-9.42734,-8.52205,-7.73113,-7.03418,-6.60202,-6.44558,-6.28544,-6.12147,-5.95354,-5.78149,-5.60517,-5.42443,-5.2391,-5.04899,-4.85393,-4.65371,-4.44812,-4.23696,-4.01999,-3.79696,-3.56763,-3.33171,-3.08892,-2.83896,-2.58151,-2.31622,-2.04272,-1.76064,-1.46957,-1.16906,-0.858645,-0.537837,-0.206099,0.135318,0.469398,0.792416,1.10492,1.4074,1.70035,1.9842,2.25937,2.52625,2.78522,3.03661,3.28076,3.51797,3.74853,3.97273,4.19082,4.40305
-0.204,-20,-20,-20,-20,-20,-20,-20,-20,-20,-20,-20,-20,-20,-20,-20,-20,-20,-20,-20,-20,-20,-20,-20,-20,-20,-20,-20,-20,-20,-20,-20,-20,-20,-20,-20,-20,-20,-20,-20,-20,-20,-20,-20,-19.923,-17.1932,-15.0226,-13.2553,-11.7885,-10.5515,-9.49424,-8.58021,-7.78216,-7.07931,-6.61262,-6.45642,-6.29654,-6.13284,-5.96518,-5.79342,-5.6174,-5.43696,-5.25195,-5.06217,-4.86745,-4.66759,-4.46238,-4.2516,-4.03503,-3.81242,-3.58353,-3.34806,-3.10575,-2.85629,-2.59935,-2.3346,-2.06168,-1.78019,-1.48974,-1.18988,-0.880153,-0.560064,-0.229083,0.112122,0.446983,0.770747,1.08396,1.38712,1.6807,1.96517,2.24092,2.50836,2.76786,3.01977,3.2644,3.50208,3.7331,3.95773,4.17623,4.38885,4.59583
-0.198,-20,-20,-20,-20,-20,-20,-20,-20,-20,-20,-20,-20,-20,-20,-20,-20,-20,-20,-20,-20,-20,-20,-20,-20,-20,-20,-20,-20,-20,-20,-20,-20,-20,-20,-20,-20,-20,-20,-20,-20,-20,-20,-20,-17.3603,-15.1571,-13.3659,-11.881,-10.6301,-9.5618,-8.63891,-7.83363,-7.12482,-6.6232,-6.46725,-6.30762,-6.14419,-5.9768,-5.80532,-5.6296,-5.44948,-5.26478,-5.07533,-4.88095,-4.68145,-4.47661,-4.26622,-4.05005,-3.82786,-3.5994,-3.36439,-3.12255,-2.87359,-2.61717,-2.35296,-2.0806,-1.79971,-1.50987,-1.21067,-0.901622,-0.582249,-0.25202,0.0888633,0.424509,0.749019,1.06294,1.36678,1.66101,1.94609,2.22243,2.49043,2.75047,3.00289,3.24801,3.48616,3.71763,3.94269,4.16161,4.37463,4.58199,4.78391
-0.192,-20,-20,-20,-20,-20,-20,-20,-20,-20,-20,-20,-20,-20,-20,-20,-20,-20,-20,-20,-20,-20,-20,-20,-20,-20,-20,-20,-20,-20,-20,-20,-20,-20,-20,-20,-20,-20,-20,-20,-20,-20,-20,-17.5301,-15.2936,-13.478,-11.9747,-10.7095,-9.63005,-8.69817,-7.88556,-7.1707,-6.63376,-6.47806,-6.31869,-6.15552,-5.98841,-5.81721,-5.64179,-5.46197,-5.27759,-5.08847,-4.89443,-4.69528,-4.49081,-4.28081,-4.06504,-3.84327,-3.61524,-3.38069,-3.13933,-2.89085,-2.63495,-2.37128,-2.09949,-1.81919,-1.52997,-1.23141,-0.923049,-0.604391,-0.274914,0.0655409,0.401976,0.727235,1.04187,1.34638,1.64126,1.92696,2.20389,2.47246,2.73303,2.98596,3.23158,3.4702,3.70212,3.92762,4.14695,4.36037,4.56811,4.7704,4.96745
-0.186,-20,-20,-20,-20,-20,-20,-20,-20,-20,-20,-20,-20,-20,-20,-20,-20,-20,-20,-20,-20,-20,-20,-20,-20,-20,-20,-20,-20,-20,-20,-20,-20,-20,-20,-20,-20,-20,-20,-20,-20,-20,-17.7025,-15.432,-13.5915,-12.0695,-10.7898,-9.69898,-8.75798,-7.93794,-7.21696,-6.6443,-6.48885,-6.32973,-6.16683,-5.99999,-5.82908,-5.65395,-5.47444,-5.29037,-5.10159,-4.90789,-4.7091,-4.505,-4.29538,-4.08001,-3.85865,-3.63106,-3.39696,-3.15607,-2.90809,-2.6527,-2.38957,-2.11834,-1.83863,-1.55003,-1.25212,-0.944435,-0.626489,-0.297762,0.0421558,0.379381,0.705393,1.02074,1.32594,1.62147,1.90778,2.18531,2.45444,2.71555,2.969,3.21511,3.45421,3.68658,3.91251,4.13226,4.34608,4.5542,4.75686,4.95426,5.14661
-0.18,-20,-20,-20,-20,-20,-20,-20,-20,-20,-20,-20,-20,-20,-20,-20,-20,-20,-20,-20,-20,-20,-20,-20,-20,-20,-20,-20,-20,-20,-20,-20,-20,-20,-20,-20,-20,-20,-20,-20,-20,-17.8777,-15.5723,-13.7064,-12.1653,-10.871,-9.76861,-8.81835,-7.9908,-7.26361,-6.65483,-6.49962,-6.34076,-6.17812,-6.01156,-5.84093,-5.6661,-5.48689,-5.30314,-5.11468,-4.92133,-4.72289,-4.51916,-4.30992,-4.09495,-3.87401,-3.64685,-3.4132,-3.17278,-2.92529,-2.67042,-2.40783,-2.13716,-1.85803,-1.57005,-1.27279,-0.96578,-0.648546,-0.320565,0.0187069,0.356728,0.683494,0.999558,1.30544,1.60162,1.88856,2.16667,2.43637,2.69802,2.95199,3.1986,3.43817,3.671,3.89736,4.11753,4.33175,4.54026,4.74329,4.94105,5.13374,5.32155
-0.174,-20,-20,-20,-20,-20,-20,-20,-20,-20,-20,-20,-20,-20,-20,-20,-20,-20,-20,-20,-20,-20,-20,-20,-20,-20,-20,-20,-20,-20,-20,-20,-20,-20,-20,-20,-20,-20,-20,-20,-18.0558,-15.7147,-13.8229,-12.2624,-10.9531,-9.83895,-8.8793,-8.04411,-7.31064,-6.66535,-6.51038,-6.35178,-6.1894,-6.02311,-5.85277,-5.67822,-5.49932,-5.31588,-5.12775,-4.93474,-4.73666,-4.53329,-4.32444,-4.10987,-3.88934,-3.66261,-3.42941,-3.18946,-2.94247,-2.68811,-2.42605,-2.15594,-1.8774,-1.59004,-1.29341,-0.987082,-0.670558,-0.343323,-0.00482363,0.334013,0.661537,0.978323,1.28489,1.58172,1.86928,2.14799,2.41826,2.68046,2.93494,3.18205,3.42209,3.65538,3.88218,4.10277,4.31739,4.52629,4.72969,4.92781,5.12084,5.30898,5.49242
-0.168,-20,-20,-20,-20,-20,-20,-20,-20,-20,-20,-20,-20,-20,-20,-20,-20,-20,-20,-20,-20,-20,-20,-20,-20,-20,-20,-20,-20,-20,-20,-20,-20,-20,-20,-20,-20,-20,-20,-18.2367,-15.8592,-13.9409,-12.3606,-11.0361,-9.91001,-8.94083,-8.09791,-7.35807,-6.70351,-6.52112,-6.36277,-6.20066,-6.03464,-5.86458,-5.69033,-5.51173,-5.32861,-5.14081,-4.94813,-4.7504,-4.5474,-4.33893,-4.12476,-3.90465,-3.67835,-3.4456,-3.20612,-2.95961,-2.70576,-2.44424,-2.17469,-1.89673,-1.60998,-1.314,-1.00834,-0.692526,-0.366034,-0.0283169,0.311239,0.639522,0.957031,1.26429,1.56178,1.84996,2.12927,2.4001,2.66285,2.91785,3.16546,3.40598,3.63972,3.86696,4.08797,4.303,4.51228,4.71606,4.91453,5.10791,5.29639,5.48015,5.65936
-0.162,-20,-20,-20,-20,-20,-20,-20,-20,-20,-20,-20,-20,-20,-20,-20,-20,-20,-20,-20,-20,-20,-20,-20,-20,-20,-20,-20,-20,-20,-20,-20,-20,-20,-20,-20,-20,-20,-18.4207,-16.0058,-14.0605,-12.46,-11.12,-9.98179,-9.00294,-8.15218,-7.4059,-6.74597,-6.53185,-6.37375,-6.2119,-6.04615,-5.87637,-5.70241,-5.52411,-5.34131,-5.15383,-4.9615,-4.76412,-4.56149,-4.3534,-4.13962,-3.91992,-3.69406,-3.46175,-3.22274,-2.97672,-2.72338,-2.46239,-2.1934,-1.91603,-1.62989,-1.33455,-1.02956,-0.714452,-0.388701,-0.0517628,0.288404,0.61745,0.935684,1.24363,1.54178,1.83059,2.1105,2.3819,2.64519,2.90072,3.14883,3.38983,3.62403,3.85171,4.07314,4.28857,4.49825,4.70239,4.90123,5.09495,5.28376,5.46784,5.64737,5.8225
-0.156,-20,-20,-20,-20,-20,-20,-20,-20,-20,-20,-20,-20,-20,-20,-20,-20,-20,-20,-20,-20,-20,-20,-20,-20,-20,-20,-20,-20,-20,-20,-20,-20,-20,-20,-20,-20,-18.6076,-16.1545,-14.1816,-12.5605,-11.2048,-10.0543,-9.06565,-8.20693,-7.45412,-6.78877,-6.54256,-6.38471,-6.22312,-6.05764,-5.88815,-5.71448,-5.53648,-5.35399,-5.16684,-4.97485,-4.77782,-4.57555,-4.36784,-4.15446,-3.93517,-3.70974,-3.47788,-3.23934,-2.9938,-2.74097,-2.48051,-2.21208,-1.93529,-1.64976,-1.35506,-1.05074,-0.736333,-0.411321,-0.0751594,0.26551,0.595321,0.914282,1.22292,1.52173,1.81117,2.09168,2.36366,2.6275,2.88355,3.13216,3.37364,3.6083,3.83642,4.05827,4.27411,4.48418,4.6887,4.88789,5.08196,5.27111,5.45551,5.63534,5.81078,5.98197
-0.15,-20,-20,-20,-20,-20,-20,-20,-20,-20,-20,-20,-20,-20,-20,-20,-20,-20,-20,-20,-20,-20,-20,-20,-20,-20,-20,-20,-20,-20,-20,-20,-20,-20,-20,-20,-18.7977,-16.3054,-14.3044,-12.6623,-11.2906,-10.1276,-9.12896,-8.26218,-7.50276,-6.83191,-6.55324,-6.39565,-6.23432,-6.06912,-5.8999,-5.72652,-5.54883,-5.36665,-5.17983,-4.98817,-4.79149,-4.58959,-4.38226,-4.16927,-3.9504,-3.72539,-3.49398,-3.2559,-3.01085,-2.75853,-2.4986,-2.23072,-1.95451,-1.66959,-1.37552,-1.07188,-0.758171,-0.433895,-0.0985089,0.242555,0.573135,0.892827,1.20216,1.50163,1.79171,2.07281,2.34537,2.60976,2.86634,3.11545,3.35741,3.59253,3.8211,4.04337,4.25962,4.47008,4.67497,4.87453,5.06895,5.25842,5.44315,5.62329,5.79903,5.97051,6.1379
-0.144,-20,-20,-20,-20,-20,-20,-20,-20,-20,-20,-20,-20,-20,-20,-20,-20,-20,-20,-20,-20,-20,-20,-20,-20,-20,-20,-20,-20,-20,-20,-20,-20,-20,-20,-18.9909,-16.4587,-14.4288,-12.7654,-11.3774,-10.2016,-9.19288,-8.31793,-7.55181,-6.8754,-6.56392,-6.40658,-6.24551,-6.08057,-5.91164,-5.73855,-5.56115,-5.37929,-5.19279,-5.00147,-4.80514,-4.6036,-4.39665,-4.18406,-3.96559,-3.74101,-3.51005,-3.27243,-3.02787,-2.77605,-2.51665,-2.24933,-1.9737,-1.68938,-1.39595,-1.09297,-0.779964,-0.456424,-0.121809,0.219542,0.55089,0.871315,1.18135,1.48148,1.77219,2.0539,2.32704,2.59197,2.84908,3.0987,3.34114,3.57673,3.80573,4.02844,4.24509,4.45594,4.66122,4.86113,5.0559,5.24571,5.43076,5.61121,5.78725,5.95902,6.12669,6.29039
-0.138,-20,-20,-20,-20,-20,-20,-20,-20,-20,-20,-20,-20,-20,-20,-20,-20,-20,-20,-20,-20,-20,-20,-20,-20,-20,-20,-20,-20,-20,-20,-20,-20,-20,-19.1875,-16.6142,-14.5549,-12.8697,-11.4651,-10.2764,-9.25742,-8.37418,-7.60127,-6.91923,-6.57457,-6.41748,-6.25667,-6.09201,-5.92335,-5.75055,-5.57346,-5.39191,-5.20573,-5.01475,-4.81877,-4.61759,-4.41102,-4.19882,-3.98076,-3.7566,-3.52609,-3.28893,-3.04486,-2.79354,-2.53467,-2.2679,-1.99285,-1.70913,-1.41634,-1.11402,-0.801713,-0.478906,-0.145062,0.196468,0.528589,0.849749,1.16048,1.46128,1.75263,2.03495,2.30866,2.57415,2.83178,3.08191,3.32484,3.56089,3.79034,4.01347,4.23053,4.44178,4.64743,4.84771,5.04283,5.23297,5.41834,5.59911,5.77544,5.94751,6.11545,6.27942,6.43956
-0.132,-20,-20,-20,-20,-20,-20,-20,-20,-20,-20,-20,-20,-20,-20,-20,-20,-20,-20,-20,-20,-20,-20,-20,-20,-20,-20,-20,-20,-20,-20,-20,-20,-19.3874,-16.772,-14.6827,-12.9753,-11.5538,-10.352,-9.32258,-8.43093,-7.65115,-6.96341,-6.58521,-6.42837,-6.26782,-6.10343,-5.93505,-5.76254,-5.58575,-5.40451,-5.21865,-5.028,-4.83237,-4.63156,-4.42536,-4.21355,-3.9959,-3.77217,-3.5421,-3.30541,-3.06181,-2.811,-2.55266,-2.28643,-2.01196,-1.72885,-1.43669,-1.13503,-0.823419,-0.501341,-0.168266,0.173334,0.506231,0.828128,1.13956,1.44103,1.73301,2.01594,2.29024,2.55628,2.81445,3.06508,3.3085,3.54501,3.77491,3.99847,4.21594,4.42758,4.63361,4.83425,5.02972,5.22021,5.4059,5.58698,5.76362,5.93597,6.10419,6.26844,6.42883,6.58552
-0.126,-20,-20,-20,-20,-20,-20,-20,-20,-20,-20,-20,-20,-20,-20,-20,-20,-20,-20,-20,-20,-20,-20,-20,-20,-20,-20,-20,-20,-20,-20,-20,-19.5907,-16.9323,-14.8123,-13.0822,-11.6436,-10.4284,-9.38838,-8.48821,-7.70146,-7.00795,-6.59582,-6.43924,-6.27895,-6.11482,-5.94672,-5.7745,-5.59801,-5.41708,-5.23155,-5.04123,-4.84595,-4.6455,-4.43967,-4.22826,-4.01102,-3.78771,-3.55808,-3.32185,-3.07873,-2.82843,-2.57061,-2.30493,-2.03103,-1.74852,-1.45699,-1.156,-0.845079,-0.52373,-0.191421,0.150141,0.483816,0.806454,1.11859,1.42073,1.71335,1.99689,2.27177,2.53837,2.79707,3.04821,3.29211,3.52909,3.75944,3.98343,4.20132,4.41335,4.61976,4.82077,5.01659,5.20741,5.39343,5.57482,5.75176,5.92441,6.09291,6.25742,6.41808,6.57503,6.92052
-0.12,-20,-20,-20,-20,-20,-20,-20,-20,-20,-20,-20,-20,-20,-20,-20,-20,-20,-20,-20,-20,-20,-20,-20,-20,-20,-20,-20,-20,-20,-20,-19.7975,-17.095,-14.9437,-13.1905,-11.7343,-10.5056,-9.45482,-8.54601,-7.75219,-7.05285,-6.60642,-6.45009,-6.29006,-6.1262,-5.95838,-5.78645,-5.61025,-5.42963,-5.24442,-5.05444,-4.8595,-4.65941,-4.45396,-4.24294,-4.0261,-3.80322,-3.57403,-3.33826,-3.09562,-2.84582,-2.58852,-2.32339,-2.05007,-1.76816,-1.47726,-1.17692,-0.866695,-0.546073,-0.214527,0.126888,0.461344,0.784723,1.09757,1.40038,1.69365,1.9778,2.25326,2.52042,2.77965,3.0313,3.27569,3.51314,3.74394,3.96836,4.18666,4.39909,4.60588,4.80725,5.00343,5.19459,5.38093,5.56264,5.73988,5.91282,6.0816,6.24639,6.40731,6.56451,6.87725,7.55325
-0.114,-20,-20,-20,-20,-20,-20,-20,-20,-20,-20,-20,-20,-20,-20,-20,-20,-20,-20,-20,-20,-20,-20,-20,-20,-20,-20,-20,-20,-20,-20,-17.2602,-15.0768,-13.3001,-11.8261,-10.5836,-9.52192,-8.60434,-7.80337,-7.0981,-6.61701,-6.46092,-6.30115,-6.13756,-5.97001,-5.79837,-5.62247,-5.44216,-5.25727,-5.06762,-4.87303,-4.6733,-4.46823,-4.25759,-4.04116,-3.8187,-3.58995,-3.35464,-3.11248,-2.86318,-2.60641,-2.34182,-2.06907,-1.78776,-1.49748,-1.19781,-0.888267,-0.568369,-0.237585,0.103575,0.438815,0.762939,1.07649,1.37998,1.67389,1.95866,2.2347,2.50242,2.76219,3.01435,3.25924,3.49716,3.7284,3.95325,4.17197,4.38479,4.59197,4.79371,4.99023,5.18174,5.36841,5.55043,5.72798,5.90121,6.07027,6.23533,6.39652,6.55396,6.83429,7.50483,8.26382
-0.108,-20,-20,-20,-20,-20,-20,-20,-20,-20,-20,-20,-20,-20,-20,-20,-20,-20,-20,-20,-20,-20,-20,-20,-20,-20,-20,-20,-20,-20,-17.4281,-15.2119,-13.4111,-11.919,-10.6624,-9.58968,-8.6632,-7.85498,-7.14373,-6.62757,-6.47173,-6.31222,-6.1489,-5.98163,-5.81027,-5.63467,-5.45467,-5.2701,-5.08078,-4.88654,-4.68716,-4.48246,-4.27222,-4.05619,-3.83415,-3.60584,-3.37099,-3.12931,-2.8805,-2.62425,-2.36021,-2.08803,-1.80731,-1.51766,-1.21864,-0.909793,-0.590618,-0.260593,0.0802028,0.416228,0.7411,1.05537,1.35953,1.65409,1.93947,2.2161,2.48439,2.74469,2.99737,3.24274,3.48113,3.71283,3.93811,4.15724,4.37047,4.57802,4.78014,4.97701,5.16886,5.35586,5.5382,5.71605,5.88957,6.05892,6.22425,6.3857,6.5434,6.79166,7.45679,8.20927,9.06752
-0.102,-20,-20,-20,-20,-20,-20,-20,-20,-20,-20,-20,-20,-20,-20,-20,-20,-20,-20,-20,-20,-20,-20,-20,-20,-20,-20,-20,-20,-17.5985,-15.3488,-13.5235,-12.0129,-10.7421,-9.6581,-8.72261,-7.90704,-7.18972,-6.63812,-6.48253,-6.32327,-6.16022,-5.99323,-5.82215,-5.64685,-5.46715,-5.2829,-5.09392,-4.90002,-4.701,-4.49668,-4.28681,-4.07119,-3.84957,-3.6217,-3.3873,-3.1461,-2.8978,-2.64206,-2.37857,-2.10695,-1.82683,-1.53781,-1.23944,-0.931275,-0.61282,-0.283552,0.0567708,0.393584,0.719207,1.03419,1.33903,1.63423,1.92023,2.19746,2.4663,2.72715,2.98034,3.22621,3.46507,3.69722,3.92294,4.14248,4.35611,4.56405,4.76653,4.96377,5.15595,5.34328,5.52594,5.70409,5.87791,6.04754,6.21314,6.37486,6.53281,6.74933,7.40912,8.15518,9.0056,9.98394
-0.096,-20,-20,-20,-20,-20,-20,-20,-20,-20,-20,-20,-20,-20,-20,-20,-20,-20,-20,-20,-20,-20,-20,-20,-20,-20,-20,-20,-17.7716,-15.4877,-13.6374,-12.108,-10.8226,-9.72721,-8.78256,-7.95954,-7.23609,-6.64865,-6.49331,-6.3343,-6.17152,-6.0048,-5.83401,-5.65901,-5.47962,-5.29569,-5.10703,-4.91347,-4.71482,-4.51086,-4.30139,-4.08617,-3.86497,-3.63753,-3.40359,-3.16286,-2.91505,-2.65984,-2.39689,-2.12584,-1.84631,-1.55791,-1.26019,-0.952712,-0.634976,-0.306462,0.0332788,0.370885,0.69726,1.01295,1.31848,1.61433,1.90095,2.17877,2.44818,2.70956,2.96327,3.20964,3.44897,3.68158,3.90773,4.12769,4.34172,4.55005,4.7529,4.95049,5.14302,5.33068,5.51365,5.69211,5.86622,6.03614,6.20202,6.36399,6.52221,6.70731,7.36182,8.10154,8.94424,9.91306,11.0386
-0.09,-20,-20,-20,-20,-20,-20,-20,-20,-20,-20,-20,-20,-20,-20,-20,-20,-20,-20,-20,-20,-20,-20,-20,-20,-20,-20,-17.9475,-15.6285,-13.7527,-12.2041,-10.904,-9.79701,-8.84307,-8.01251,-7.28284,-6.65916,-6.50406,-6.34532,-6.1828,-6.01635,-5.84585,-5.67114,-5.49206,-5.30844,-5.12012,-4.92691,-4.72861,-4.52502,-4.31593,-4.10112,-3.88033,-3.65333,-3.41985,-3.17959,-2.93228,-2.67758,-2.41517,-2.14468,-1.86575,-1.57797,-1.2809,-0.974104,-0.657084,-0.329322,0.00972794,0.348128,0.675257,0.99167,1.29788,1.59439,1.88163,2.16004,2.43002,2.69194,2.94617,3.19303,3.43284,3.6659,3.89249,4.11287,4.3273,4.53601,4.73924,4.93718,5.13005,5.31805,5.50134,5.6801,5.85451,6.02471,6.19086,6.35311,6.51158,6.6664,7.31489,8.04834,8.88343,9.84286,10.9567,12.2653
-0.084,-20,-20,-20,-20,-20,-20,-20,-20,-20,-20,-20,-20,-20,-20,-20,-20,-20,-20,-20,-20,-20,-20,-20,-20,-20,-18.1262,-15.7713,-13.8695,-12.3014,-10.9863,-9.8675,-8.90414,-8.06593,-7.32996,-6.6786,-6.5148,-6.35631,-6.19405,-6.02789,-5.85767,-5.68325,-5.50448,-5.32118,-5.13319,-4.94032,-4.74237,-4.53916,-4.33045,-4.11603,-3.89567,-3.6691,-3.43607,-3.19629,-2.94947,-2.69529,-2.43341,-2.16349,-1.88515,-1.59799,-1.30157,-0.995451,-0.679144,-0.352133,-0.0138657,0.325314,0.653201,0.970335,1.27724,1.57439,1.86226,2.14126,2.41181,2.67428,2.92902,3.17638,3.41667,3.65019,3.87721,4.09802,4.31285,4.52195,4.72554,4.92385,5.11706,5.30539,5.489,5.66807,5.84277,6.01326,6.17969,6.3422,6.50093,6.656,7.26833,7.99558,8.82315,9.77333,10.8756,12.1695,13.7099
-0.078,-20,-20,-20,-20,-20,-20,-20,-20,-20,-20,-20,-20,-20,-20,-20,-20,-20,-20,-20,-20,-20,-20,-20,-20,-18.3078,-15.9162,-13.9878,-12.3998,-11.0694,-9.9387,-8.96579,-8.11982,-7.37748,-6.72081,-6.52552,-6.36729,-6.20529,-6.0394,-5.86947,-5.69534,-5.51687,-5.33389,-5.14623,-4.9537,-4.75611,-4.55326,-4.34494,-4.13092,-3.91098,-3.68484,-3.45226,-3.21296,-2.96662,-2.71296,-2.45162,-2.18227,-1.90451,-1.61796,-1.32219,-1.01675,-0.701158,-0.374895,-0.037414,0.302444,0.63109,0.948947,1.25654,1.55435,1.84284,2.12244,2.39356,2.65657,2.91184,3.1597,3.40046,3.63444,3.8619,4.08313,4.29837,4.50785,4.71182,4.91049,5.10405,5.2927,5.47663,5.65601,5.83101,6.00179,6.16849,6.33127,6.49025,6.64558,7.22212,7.94325,8.7634,9.70446,10.7953,12.0748,13.5964,15.4362
-0.072,-20,-20,-20,-20,-20,-20,-20,-20,-20,-20,-20,-20,-20,-20,-20,-20,-20,-20,-20,-20,-20,-20,-20,-18.4923,-16.0632,-14.1076,-12.4994,-11.1535,-10.0106,-9.02801,-8.17418,-7.42538,-6.76334,-6.53622,-6.37824,-6.21651,-6.05089,-5.88124,-5.70741,-5.52925,-5.34658,-5.15925,-4.96706,-4.76982,-4.56734,-4.35941,-4.14579,-3.92625,-3.70055,-3.46842,-3.22959,-2.98375,-2.73059,-2.46979,-2.201,-1.92383,-1.6379,-1.34277,-1.03801,-0.723123,-0.397607,-0.0609098,0.279516,0.608926,0.927508,1.23579,1.53426,1.82338,2.10358,2.37527,2.63883,2.89462,3.14298,3.38422,3.61866,3.84656,4.06821,4.28385,4.49373,4.69807,4.89709,5.091,5.27999,5.46424,5.64393,5.81923,5.99029,6.15727,6.32032,6.47956,6.63513,7.17626,7.89135,8.70417,9.63623,10.7158,11.9811,13.4843,15.2995,17.5352
-0.066,-20,-20,-20,-20,-20,-20,-20,-20,-20,-20,-20,-20,-20,-20,-20,-20,-20,-20,-20,-20,-20,-20,-18.6798,-16.2124,-14.2291,-12.6002,-11.2385,-10.0833,-9.09081,-8.22902,-7.47368,-6.8062,-6.5469,-6.38918,-6.22771,-6.06237,-5.893,-5.71946,-5.5416,-5.35925,-5.17224,-4.98039,-4.78351,-4.5814,-4.37384,-4.16062,-3.9415,-3.71623,-3.48455,-3.24618,-3.00084,-2.74819,-2.48793,-2.21969,-1.94311,-1.65779,-1.36331,-1.05922,-0.745041,-0.420269,-0.0843541,0.256532,0.586707,0.906016,1.21499,1.51412,1.80387,2.08467,2.35693,2.62104,2.87736,3.12622,3.36794,3.60284,3.83118,4.05325,4.2693,4.47957,4.68429,4.88367,5.07793,5.26725,5.45182,5.63182,5.80742,5.97877,6.14603,6.30934,6.46884,6.62466,7.13076,7.83988,8.64547,9.56866,10.6372,11.8884,13.3735,15.1647,17.3676,20
-0.06,-20,-20,-20,-20,-20,-20,-20,-20,-20,-20,-20,-20,-20,-20,-20,-20,-20,-20,-20,-20,-20,-18.8705,-16.3637,-14.3521,-12.7022,-11.3244,-10.1566,-9.15421,-8.28434,-7.52237,-6.8494,-6.55757,-6.4001,-6.23889,-6.07382,-5.90473,-5.73148,-5.55393,-5.37189,-5.18521,-4.9937,-4.79717,-4.59542,-4.38825,-4.17543,-3.95672,-3.73188,-3.50065,-3.26275,-3.01789,-2.76576,-2.50603,-2.23835,-1.96235,-1.67764,-1.3838,-1.08038,-0.766912,-0.44288,-0.107745,0.233492,0.564434,0.884474,1.19414,1.49393,1.78431,2.06572,2.33856,2.60322,2.86006,3.10942,3.35163,3.58698,3.81577,4.03827,4.25473,4.46539,4.67048,4.87023,5.06483,5.25448,5.43938,5.61969,5.79559,5.96723,6.13476,6.29834,6.4581,6.61418,7.08561,7.78883,8.58728,9.50171,10.5594,11.7968,13.264,15.0317,17.2025,19.9322,20
-0.054,-20,-20,-20,-20,-20,-20,-20,-20,-20,-20,-20,-20,-20,-20,-20,-20,-20,-20,-20,-20,-19.0643,-16.5172,-14.4768,-12.8054,-11.4113,-10.2308,-9.21821,-8.34015,-7.57147,-6.89293,-6.56821,-6.41099,-6.25005,-6.08525,-5.91644,-5.74349,-5.56623,-5.38451,-5.19815,-5.00698,-4.8108,-4.60942,-4.40263,-4.1902,-3.97191,-3.7475,-3.51672,-3.27928,-3.03491,-2.78329,-2.52409,-2.25697,-1.98155,-1.69745,-1.40425,-1.1015,-0.788734,-0.465442,-0.131084,0.210395,0.542107,0.862879,1.17324,1.4737,1.76471,2.04672,2.32014,2.58535,2.84272,3.09259,3.33528,3.5711,3.80033,4.02325,4.24012,4.45117,4.65664,4.85675,5.0517,5.24169,5.42691,5.60753,5.78373,5.95566,6.12348,6.28732,6.44734,6.60367,7.0408,7.73819,8.52959,9.43539,10.4823,11.7062,13.1559,14.9004,17.0398,19.7252,20,20
-0.048,-20,-20,-20,-20,-20,-20,-20,-20,-20,-20,-20,-20,-20,-20,-20,-20,-20,-20,-20,-19.2613,-16.6731,-14.6031,-12.9099,-11.4992,-10.3057,-9.28282,-8.39646,-7.62098,-6.9368,-6.57883,-6.42187,-6.26119,-6.09665,-5.92813,-5.75547,-5.57851,-5.39711,-5.21107,-5.02024,-4.82441,-4.6234,-4.41698,-4.20495,-3.98707,-3.76308,-3.53275,-3.29578,-3.05189,-2.80078,-2.54211,-2.27554,-2.00071,-1.71722,-1.42465,-1.12257,-0.810509,-0.487954,-0.154371,0.187242,0.519726,0.841233,1.1523,1.45342,1.74507,2.02768,2.30168,2.56744,2.82534,3.07572,3.31889,3.55517,3.78485,4.0082,4.22548,4.43692,4.64277,4.84324,5.03855,5.22887,5.41442,5.59535,5.77185,5.94407,6.11216,6.27628,6.43656,6.59314,6.99633,7.68796,8.4724,9.36969,10.4061,11.6165,13.0491,14.7709,16.8795,19.5217,20,20,20
-0.042,-20,-20,-20,-20,-20,-20,-20,-20,-20,-20,-20,-20,-20,-20,-20,-20,-20,-20,-19.4617,-16.8312,-14.7311,-13.0156,-11.588,-10.3813,-9.34804,-8.45327,-7.6709,-6.98102,-6.58944,-6.43273,-6.27231,-6.10804,-5.9398,-5.76743,-5.59077,-5.40968,-5.22397,-5.03347,-4.838,-4.63734,-4.43131,-4.21967,-4.00219,-3.77864,-3.54875,-3.31225,-3.06885,-2.81824,-2.5601,-2.29408,-2.01983,-1.73694,-1.44501,-1.1436,-0.832236,-0.510415,-0.177605,0.164032,0.497292,0.819536,1.1313,1.43309,1.72538,2.0086,2.28318,2.5495,2.80792,3.05881,3.30247,3.53922,3.76934,3.99312,4.21081,4.42265,4.62888,4.82971,5.02536,5.21603,5.4019,5.58314,5.75994,5.93245,6.10083,6.26522,6.42576,6.58259,6.95221,7.63814,8.41571,9.30459,10.3305,11.5279,12.9435,14.6431,16.7215,19.3215,20,20,20,20
-0.036,-20,-20,-20,-20,-20,-20,-20,-20,-20,-20,-20,-20,-20,-20,-20,-20,-20,-19.6655,-16.9918,-14.8609,-13.1227,-11.6778,-10.4578,-9.41389,-8.51058,-7.72124,-7.02558,-6.60003,-6.44356,-6.2834,-6.11941,-5.95144,-5.77936,-5.60301,-5.42223,-5.23684,-5.04668,-4.85155,-4.65126,-4.4456,-4.23436,-4.01729,-3.79417,-3.56472,-3.32868,-3.08576,-2.83566,-2.57805,-2.31258,-2.03891,-1.75663,-1.46533,-1.16458,-0.853914,-0.532826,-0.200786,0.140767,0.474803,0.797787,1.11026,1.41272,1.70564,1.98948,2.26464,2.53151,2.79047,3.04186,3.28601,3.52323,3.7538,3.97801,4.1961,4.40834,4.61495,4.81615,5.01215,5.20316,5.38935,5.57091,5.74801,5.92081,6.08947,6.25413,6.41494,6.57202,6.90841,7.58872,8.35951,9.24011,10.2558,11.4402,12.8392,14.5169,16.5659,19.1246,20,20,20,20,20
-0.03,-20,-20,-20,-20,-20,-20,-20,-20,-20,-20,-20,-20,-20,-20,-20,-20,-19.8727,-17.1548,-14.9924,-13.231,-11.7686,-10.535,-9.48036,-8.5684,-7.772,-7.07049,-6.61059,-6.45438,-6.29448,-6.13076,-5.96307,-5.79128,-5.61522,-5.43475,-5.24969,-5.05986,-4.86508,-4.66515,-4.45987,-4.24902,-4.03236,-3.80966,-3.58066,-3.34508,-3.10264,-2.85304,-2.59596,-2.33105,-2.05794,-1.77627,-1.4856,-1.18552,-0.875544,-0.555187,-0.223915,0.117444,0.452261,0.775986,1.08916,1.3923,1.68586,1.97031,2.24605,2.51348,2.77298,3.02488,3.26952,3.5072,3.73822,3.96286,4.18137,4.394,4.60099,4.80256,4.99892,5.19026,5.37678,5.55865,5.73606,5.90915,6.07809,6.24302,6.40409,6.56143,6.86495,7.5397,8.30379,9.17621,10.1818,11.3534,12.7361,14.3924,16.4125,18.931,20,20,20,20,20,20
-0.024,-20,-20,-20,-20,-20,-20,-20,-20,-20,-20,-20,-20,-20,-20,-20,-20,-17.3202,-15.1257,-13.3407,-11.8605,-10.613,-9.54748,-8.62674,-7.82318,-7.11576,-6.62114,-6.46518,-6.30554,-6.14208,-5.97467,-5.80317,-5.62741,-5.44725,-5.26251,-5.07302,-4.87859,-4.67902,-4.47411,-4.26365,-4.0474,-3.82512,-3.59656,-3.36144,-3.11949,-2.87039,-2.61383,-2.34947,-2.07694,-1.79586,-1.50583,-1.20641,-0.897126,-0.577497,-0.24699,0.0940659,0.429665,0.754134,1.06802,1.37183,1.66604,1.9511,2.22742,2.49542,2.75545,3.00786,3.25299,3.49114,3.72261,3.94768,4.16661,4.37964,4.58701,4.78894,4.98565,5.17734,5.36418,5.54637,5.72408,5.89747,6.06669,6.23189,6.39322,6.55081,6.82181,7.49107,8.24854,9.1129,10.1085,11.2676,12.6342,14.2695,16.2613,18.7404,20,20,20,20,20,20,20
-0.018,-20,-20,-20,-20,-20,-20,-20,-20,-20,-20,-20,-20,-20,-20,-20,-17.4882,-15.2608,-13.4518,-11.9534,-10.6919,-9.61525,-8.68561,-7.8748,-7.16139,-6.63166,-6.47595,-6.31657,-6.15338,-5.98625,-5.81504,-5.63958,-5.45973,-5.27531,-5.08615,-4.89206,-4.69286,-4.48833,-4.27825,-4.06241,-3.84055,-3.61243,-3.37778,-3.1363,-2.8877,-2.63167,-2.36785,-2.0959,-1.81542,-1.52601,-1.22725,-0.91866,-0.599757,-0.270013,0.0706312,0.407015,0.732231,1.04683,1.35131,1.64617,1.93184,2.20876,2.47731,2.73788,2.9908,3.23642,3.47505,3.70697,3.93247,4.15181,4.36524,4.573,4.7753,4.97236,5.16438,5.35156,5.53407,5.71208,5.88576,6.05526,6.22074,6.38233,6.54018,6.77901,7.44284,8.19377,9.05017,10.0359,11.1827,12.5336,14.1482,16.1122,18.5529,20,20,20,20,20,20,20,20
-0.012,-20,-20,-20,-20,-20,-20,-20,-20,-20,-20,-20,-20,-20,-20,-17.6589,-15.3979,-13.5643,-12.0473,-10.7716,-9.68367,-8.74501,-7.92685,-7.20737,-6.64217,-6.48671,-6.32759,-6.16466,-5.99781,-5.82688,-5.65172,-5.47218,-5.28808,-5.09925,-4.90552,-4.70667,-4.50251,-4.29283,-4.07739,-3.85595,-3.62827,-3.39408,-3.15308,-2.90498,-2.64947,-2.3862,-2.11481,-1.83493,-1.54615,-1.24804,-0.940145,-0.621966,-0.292982,0.0471407,0.384312,0.710277,1.02558,1.33075,1.62625,1.91254,2.19005,2.45916,2.72027,2.97371,3.21982,3.45892,3.69129,3.91723,4.13698,4.35082,4.55895,4.76163,4.95904,5.15141,5.33891,5.52174,5.70005,5.87403,6.04382,6.20957,6.37143,6.52952,6.73652,7.39498,8.13947,8.98802,9.96407,11.0987,12.434,14.0284,15.9653,18.3684,20,20,20,20,20,20,20,20,20
-0.00599999,-20,-20,-20,-20,-20,-20,-20,-20,-20,-20,-20,-20,-20,-17.8321,-15.5368,-13.6781,-12.1424,-10.8521,-9.75277,-8.80495,-7.97934,-7.25373,-6.65266,-6.49745,-6.33858,-6.17592,-6.00935,-5.8387,-5.66384,-5.48461,-5.30083,-5.11233,-4.91894,-4.72045,-4.51667,-4.30737,-4.09234,-3.87132,-3.64408,-3.41034,-3.16982,-2.92222,-2.66723,-2.4045,-2.13369,-1.8544,-1.56625,-1.26879,-0.961582,-0.644124,-0.315899,0.0235941,0.361556,0.688272,1.00429,1.31014,1.60629,1.8932,2.1713,2.44098,2.70262,2.95658,3.20319,3.44276,3.67558,3.90195,4.12213,4.33636,4.54488,4.74793,4.9457,5.13841,5.32624,5.50938,5.688,5.86227,6.03235,6.19837,6.3605,6.51885,6.69435,7.34751,8.08563,8.92642,9.89293,11.0156,12.3357,13.9101,15.8204,18.1867,20,20,20,20,20,20,20,20,20,20
8.38E-09,-20,-20,-20,-20,-20,-20,-20,-20,-20,-20,-20,-20,-18.0081,-15.6777,-13.7934,-12.2385,-10.9334,-9.82253,-8.86543,-8.03228,-7.30045,-6.66313,-6.50816,-6.34955,-6.18716,-6.02086,-5.8505,-5.67594,-5.49701,-5.31355,-5.12539,-4.93234,-4.73421,-4.5308,-4.32189,-4.10725,-3.88666,-3.65985,-3.42657,-3.18653,-2.93942,-2.68495,-2.42277,-2.15252,-1.87383,-1.5863,-1.2895,-0.98297,-0.666231,-0.338762,-8.44E-06,0.338746,0.666215,0.982955,1.28948,1.58628,1.87382,2.15251,2.42275,2.68494,2.93941,3.18651,3.42656,3.65984,3.88665,4.10724,4.32187,4.53078,4.7342,4.93233,5.12538,5.31354,5.497,5.67593,5.8505,6.02085,6.18716,6.34954,6.50815,6.66312,7.30042,8.03224,8.86539,9.82248,10.9334,12.2384,13.7934,15.6776,18.008,20,20,20,20,20,20,20,20,20,20,20
0.00600001,-20,-20,-20,-20,-20,-20,-20,-20,-20,-20,-20,-18.1869,-15.8205,-13.9102,-12.3357,-11.0157,-9.89298,-8.92647,-8.08567,-7.34754,-6.69438,-6.51886,-6.3605,-6.19838,-6.03235,-5.86228,-5.68801,-5.50939,-5.32625,-5.13842,-4.94571,-4.74794,-4.54489,-4.33637,-4.12214,-3.90197,-3.6756,-3.44277,-3.2032,-2.95659,-2.70263,-2.44099,-2.17131,-1.89321,-1.6063,-1.31015,-1.00431,-0.688287,-0.361572,-0.0236109,0.315882,0.644108,0.961567,1.26878,1.56623,1.85439,2.13367,2.40449,2.66721,2.92221,3.16981,3.41033,3.64407,3.87131,4.09232,4.30736,4.51666,4.72044,4.91893,5.11232,5.30082,5.4846,5.66383,5.8387,6.00934,6.17592,6.33857,6.49744,6.65265,7.25369,7.9793,8.80491,9.75271,10.852,12.1423,13.678,15.5367,17.832,20,20,20,20,20,20,20,20,20,20,20,20
0.012,-20,-20,-20,-20,-20,-20,-20,-20,-20,-20,-18.3685,-15.9654,-14.0285,-12.4341,-11.0988,-9.96413,-8.98806,-8.13951,-7.39502,-6.73655,-6.52953,-6.37143,-6.20958,-6.04382,-5.87403,-5.70006,-5.52174,-5.33892,-5.15142,-4.95905,-4.76164,-4.55896,-4.35083,-4.137,-3.91724,-3.6913,-3.45893,-3.21983,-2.97372,-2.72028,-2.45918,-2.19006,-1.91256,-1.62626,-1.33076,-1.0256,-0.710293,-0.384328,-0.0471575,0.292966,0.62195,0.94013,1.24803,1.54614,1.83492,2.1148,2.38618,2.64945,2.90497,3.15307,3.39406,3.62826,3.85594,4.07738,4.29282,4.5025,4.70666,4.90551,5.09924,5.28807,5.47217,5.65171,5.82687,5.9978,6.16466,6.32758,6.4867,6.64216,7.20734,7.92681,8.74497,9.68362,10.7715,12.0473,13.5642,15.3978,17.6587,20,20,20,20,20,20,20,20,20,20,20,20,20
0.018,-20,-20,-20,-20,-20,-20,-20,-20,-20,-18.553,-16.1123,-14.1483,-12.5336,-11.1828,-10.036,-9.05021,-8.19381,-7.44287,-6.77904,-6.54019,-6.38234,-6.22075,-6.05527,-5.88577,-5.71209,-5.53408,-5.35157,-5.16439,-4.97237,-4.77531,-4.57301,-4.36525,-4.15182,-3.93248,-3.70698,-3.47506,-3.23643,-2.99081,-2.73789,-2.47732,-2.20877,-1.93185,-1.64618,-1.35133,-1.04684,-0.732247,-0.407031,-0.070648,0.269996,0.599741,0.918645,1.22723,1.526,1.81541,2.09588,2.36784,2.63166,2.88769,3.13629,3.37777,3.61242,3.84054,4.0624,4.27824,4.48832,4.69285,4.89205,5.08614,5.2753,5.45972,5.63957,5.81503,5.98624,6.15337,6.31656,6.47595,6.63166,7.16135,7.87476,8.68557,9.6152,10.6918,11.9533,13.4517,15.2607,17.4881,20,20,20,20,20,20,20,20,20,20,20,20,20,20
0.024,-20,-20,-20,-20,-20,-20,-20,-20,-18.7405,-16.2614,-14.2696,-12.6343,-11.2677,-10.1085,-9.11295,-8.24859,-7.49111,-6.82185,-6.55082,-6.39323,-6.2319,-6.0667,-5.89747,-5.72409,-5.54638,-5.36419,-5.17734,-4.98566,-4.78895,-4.58702,-4.37965,-4.16662,-3.94769,-3.72262,-3.49115,-3.253,-3.00787,-2.75546,-2.49543,-2.22744,-1.95111,-1.66605,-1.37184,-1.06803,-0.75415,-0.429681,-0.0940825,0.246974,0.577481,0.897111,1.20639,1.50582,1.79585,2.07693,2.34946,2.61382,2.87038,3.11948,3.36143,3.59655,3.82511,4.04739,4.26364,4.4741,4.67901,4.87858,5.07301,5.2625,5.44724,5.6274,5.80316,5.97466,6.14207,6.30553,6.46517,6.62113,7.11573,7.82314,8.6267,9.54743,10.613,11.8604,13.3407,15.1256,17.3201,20,20,20,20,20,20,20,20,20,20,20,20,20,20,20
0.03,-20,-20,-20,-20,-20,-20,-20,-18.9311,-16.4126,-14.3925,-12.7362,-11.3535,-10.1818,-9.17626,-8.30383,-7.53974,-6.86498,-6.56143,-6.4041,-6.24303,-6.0781,-5.90916,-5.73607,-5.55866,-5.37679,-5.19027,-4.99893,-4.80257,-4.601,-4.39401,-4.18138,-3.96287,-3.73823,-3.50721,-3.26953,-3.02489,-2.77299,-2.5135,-2.24606,-1.97032,-1.68588,-1.39231,-1.08918,-0.776002,-0.452277,-0.117461,0.223898,0.555171,0.875529,1.1855,1.48559,1.77625,2.05793,2.33103,2.59595,2.85303,3.10263,3.34507,3.58064,3.80965,4.03235,4.24901,4.45986,4.66515,4.86507,5.05985,5.24968,5.43474,5.61521,5.79127,5.96306,6.13075,6.29447,6.45437,6.61058,7.07046,7.77196,8.56836,9.48032,10.5349,11.7686,13.231,14.9923,17.1546,19.8726,20,20,20,20,20,20,20,20,20,20,20,20,20,20,20
0.036,-20,-20,-20,-20,-20,-20,-19.1248,-16.566,-14.517,-12.8393,-11.4403,-10.2558,-9.24016,-8.35955,-7.58876,-6.90844,-6.57202,-6.41494,-6.25414,-6.08948,-5.92082,-5.74802,-5.57092,-5.38936,-5.20317,-5.01216,-4.81616,-4.61496,-4.40835,-4.19611,-3.97802,-3.75381,-3.52324,-3.28602,-3.04187,-2.79048,-2.53152,-2.26465,-1.98949,-1.70566,-1.41273,-1.11027,-0.797802,-0.474819,-0.140783,0.200769,0.53281,0.853899,1.16457,1.46532,1.75661,2.03889,2.31257,2.57803,2.83565,3.08575,3.32867,3.56471,3.79415,4.01728,4.23435,4.44559,4.65125,4.85154,5.04667,5.23683,5.42222,5.603,5.77935,5.95144,6.1194,6.28339,6.44356,6.60002,7.02555,7.7212,8.51054,9.41384,10.4577,11.6777,13.1226,14.8608,16.9917,19.6653,20,20,20,20,20,20,20,20,20,20,20,20,20,20,20,20
0.042,-20,-20,-20,-20,-20,-19.3217,-16.7217,-14.6432,-12.9436,-11.528,-10.3306,-9.30464,-8.41575,-7.63818,-6.95224,-6.5826,-6.42577,-6.26523,-6.10084,-5.93246,-5.75995,-5.58315,-5.4019,-5.21604,-5.02537,-4.82972,-4.62889,-4.42266,-4.21082,-3.99313,-3.76935,-3.53923,-3.30248,-3.05882,-2.80794,-2.54951,-2.28319,-2.00862,-1.72539,-1.43311,-1.13132,-0.819551,-0.497308,-0.164049,0.177588,0.510399,0.83222,1.14359,1.445,1.73693,2.01981,2.29407,2.56009,2.81822,3.06883,3.31224,3.54874,3.77863,4.00218,4.21966,4.4313,4.63733,4.83799,5.03346,5.22396,5.40967,5.59076,5.76742,5.93979,6.10803,6.2723,6.43272,6.58943,6.98098,7.67087,8.45323,9.34799,10.3813,11.5879,13.0156,14.731,16.8311,19.4615,20,20,20,20,20,20,20,20,20,20,20,20,20,20,20,20,20
0.048,-20,-20,-20,-20,-19.5218,-16.8796,-14.771,-13.0492,-11.6166,-10.4061,-9.36974,-8.47245,-7.688,-6.99637,-6.59315,-6.43657,-6.27629,-6.11217,-5.94407,-5.77186,-5.59536,-5.41442,-5.22888,-5.03855,-4.84325,-4.64278,-4.43693,-4.22549,-4.00821,-3.78486,-3.55519,-3.3189,-3.07573,-2.82535,-2.56746,-2.30169,-2.0277,-1.74508,-1.45343,-1.15231,-0.841249,-0.519742,-0.187259,0.154354,0.487938,0.810494,1.12256,1.42464,1.7172,2.0007,2.27553,2.5421,2.80077,3.05188,3.29577,3.53274,3.76307,3.98705,4.20494,4.41697,4.62339,4.8244,5.02023,5.21106,5.3971,5.57851,5.75546,5.92812,6.09665,6.26118,6.42186,6.57883,6.93677,7.62095,8.39642,9.28277,10.3056,11.4991,12.9098,14.603,16.673,19.2612,20,20,20,20,20,20,20,20,20,20,20,20,20,20,20,20,20,20
0.054,-20,-20,-20,-19.7254,-17.0399,-14.9005,-13.156,-11.7062,-10.4824,-9.43544,-8.52963,-7.73823,-7.04084,-6.60368,-6.44735,-6.28733,-6.12348,-5.95567,-5.78374,-5.60754,-5.42692,-5.2417,-5.05171,-4.85676,-4.65665,-4.45118,-4.24013,-4.02326,-3.80034,-3.57111,-3.33529,-3.0926,-2.84273,-2.58536,-2.32015,-2.04674,-1.76473,-1.47371,-1.17326,-0.862895,-0.542123,-0.210412,0.131068,0.465426,0.788719,1.10149,1.40423,1.69744,1.98154,2.25695,2.52408,2.78327,3.0349,3.27927,3.5167,3.74749,3.9719,4.19019,4.40262,4.60941,4.81079,5.00697,5.19814,5.3845,5.56622,5.74348,5.91643,6.08524,6.25004,6.41099,6.5682,6.8929,7.57144,8.34011,9.21816,10.2307,11.4113,12.8053,14.4767,16.5171,19.0641,20,20,20,20,20,20,20,20,20,20,20,20,20,20,20,20,20,20,20
0.06,-20,-20,-19.9323,-17.2026,-15.0318,-13.2641,-11.7969,-10.5594,-9.50176,-8.58732,-7.78886,-7.08564,-6.61418,-6.45811,-6.29835,-6.13477,-5.96723,-5.79559,-5.6197,-5.43939,-5.25449,-5.06484,-4.87024,-4.67049,-4.4654,-4.25474,-4.03828,-3.81579,-3.587,-3.35164,-3.10943,-2.86007,-2.60323,-2.33857,-2.06573,-1.78433,-1.49395,-1.19416,-0.884489,-0.56445,-0.233509,0.107728,0.442864,0.766896,1.08037,1.38379,1.67763,1.96234,2.23834,2.50601,2.76575,3.01788,3.26274,3.50064,3.73187,3.95671,4.17542,4.38824,4.59541,4.79716,4.99369,5.1852,5.37188,5.55392,5.73148,5.90472,6.07381,6.23888,6.40009,6.55756,6.84937,7.52234,8.2843,9.15417,10.1566,11.3244,12.7021,14.352,16.3636,18.8703,20,20,20,20,20,20,20,20,20,20,20,20,20,20,20,20,20,20,20,20
0.066,-20,-20,-17.3677,-15.1648,-13.3736,-11.8885,-10.6373,-9.56871,-8.64551,-7.83992,-7.1308,-6.62467,-6.46885,-6.30935,-6.14604,-5.97878,-5.80743,-5.63183,-5.45183,-5.26726,-5.07794,-4.88368,-4.6843,-4.47958,-4.26931,-4.05327,-3.8312,-3.60285,-3.36795,-3.12623,-2.87737,-2.62105,-2.35695,-2.08468,-1.80388,-1.51413,-1.215,-0.906032,-0.586723,-0.256549,0.084337,0.420252,0.745026,1.0592,1.36329,1.65778,1.9431,2.21968,2.48792,2.74818,3.00082,3.24617,3.48454,3.71622,3.94149,4.16061,4.37383,4.58139,4.7835,4.98038,5.17223,5.35924,5.54159,5.71945,5.89299,6.06236,6.2277,6.38917,6.5469,6.80617,7.47364,8.22898,9.09077,10.0832,11.2384,12.6001,14.229,16.2123,18.6797,20,20,20,20,20,20,20,20,20,20,20,20,20,20,20,20,20,20,20,20,20
0.072,-20,-17.5354,-15.2996,-13.4843,-11.9811,-10.7159,-9.63629,-8.70422,-7.89139,-7.1763,-6.63514,-6.47957,-6.32032,-6.15728,-5.9903,-5.81924,-5.64394,-5.46425,-5.28,-5.09101,-4.8971,-4.69808,-4.49374,-4.28386,-4.06822,-3.84657,-3.61867,-3.38423,-3.14299,-2.89463,-2.63884,-2.37528,-2.10359,-1.82339,-1.53427,-1.2358,-0.927523,-0.608941,-0.279533,0.060893,0.39759,0.723108,1.03799,1.34276,1.63788,1.92382,2.20098,2.46978,2.73058,2.98374,3.22957,3.46841,3.70054,3.92624,4.14578,4.35939,4.56733,4.76981,4.96705,5.15924,5.34657,5.52924,5.7074,5.88123,6.05089,6.2165,6.37824,6.53621,6.76331,7.42534,8.17414,9.02796,10.0106,11.1535,12.4993,14.1076,16.0631,18.4922,20,20,20,20,20,20,20,20,20,20,20,20,20,20,20,20,20,20,20,20,20,20
0.078,-17.7056,-15.4363,-13.5965,-12.0748,-10.7954,-9.70451,-8.76344,-7.94329,-7.22215,-6.64558,-6.49026,-6.33128,-6.1685,-6.0018,-5.83102,-5.65602,-5.47664,-5.29271,-5.10406,-4.9105,-4.71183,-4.50786,-4.29838,-4.08314,-3.86191,-3.63445,-3.40048,-3.15971,-2.91185,-2.65659,-2.39357,-2.12245,-1.84285,-1.55436,-1.25655,-0.948963,-0.631106,-0.30246,0.0373972,0.374878,0.701142,1.01674,1.32218,1.61795,1.9045,2.18225,2.45161,2.71295,2.96661,3.21294,3.45225,3.68483,3.91096,4.13091,4.34493,4.55325,4.7561,4.95369,5.14622,5.33388,5.51687,5.69533,5.86946,6.03939,6.20529,6.36728,6.52551,6.72078,7.37744,8.11978,8.96574,9.93865,11.0694,12.3997,13.9877,15.9161,18.3076,20,20,20,20,20,20,20,20,20,20,20,20,20,20,20,20,20,20,20,20,20,20,20
0.084,-15.5748,-13.71,-12.1696,-10.8756,-9.77338,-8.82319,-7.99562,-7.26836,-6.65601,-6.50093,-6.34221,-6.1797,-6.01327,-5.84278,-5.66808,-5.489,-5.3054,-5.11707,-4.92386,-4.72555,-4.52196,-4.31286,-4.09803,-3.87722,-3.6502,-3.41668,-3.17639,-2.92904,-2.67429,-2.41182,-2.14128,-1.86227,-1.5744,-1.27725,-0.97035,-0.653217,-0.32533,0.0138489,0.352117,0.679128,0.995435,1.30155,1.59797,1.88514,2.16348,2.4334,2.69527,2.94946,3.19628,3.43606,3.66909,3.89566,4.11602,4.33044,4.53914,4.74236,4.94031,5.13318,5.32117,5.50447,5.68324,5.85766,6.02788,6.19405,6.35631,6.51479,6.67857,7.32993,8.06589,8.9041,9.86745,10.9862,12.3013,13.8694,15.7712,18.1261,20,20,20,20,20,20,20,20,20,20,20,20,20,20,20,20,20,20,20,20,20,20,20,20
0.09,-13.8249,-12.2654,-10.9567,-9.84292,-8.88347,-8.04838,-7.31493,-6.66641,-6.51159,-6.35312,-6.19087,-6.02472,-5.85452,-5.68011,-5.50134,-5.31805,-5.13006,-4.93719,-4.73925,-4.53603,-4.32731,-4.11288,-3.8925,-3.66591,-3.43285,-3.19304,-2.94618,-2.69195,-2.43003,-2.16005,-1.88164,-1.5944,-1.2979,-0.991686,-0.675273,-0.348144,-0.00974481,0.329306,0.657067,0.974089,1.28089,1.57795,1.86574,2.14467,2.41516,2.67757,2.93227,3.17958,3.41983,3.65332,3.88032,4.10111,4.31592,4.52501,4.7286,4.9269,5.12011,5.30844,5.49205,5.67113,5.84584,6.01635,6.18279,6.34531,6.50406,6.65915,7.2828,8.01247,8.84303,9.79696,10.9039,12.204,13.7526,15.6284,17.9474,20,20,20,20,20,20,20,20,20,20,20,20,20,20,20,20,20,20,20,20,20,20,20,20,20
0.096,-12.3623,-11.0387,-9.91312,-8.94429,-8.10158,-7.36186,-6.70735,-6.52222,-6.364,-6.20202,-6.03615,-5.86623,-5.69212,-5.51366,-5.33069,-5.14303,-4.9505,-4.75291,-4.55006,-4.34173,-4.12771,-3.90774,-3.68159,-3.44899,-3.20965,-2.96328,-2.70958,-2.44819,-2.17878,-1.90097,-1.61435,-1.3185,-1.01297,-0.697275,-0.370901,-0.0332957,0.306445,0.63496,0.952697,1.26018,1.55789,1.8463,2.12582,2.39687,2.65983,2.91504,3.16285,3.40358,3.63752,3.86496,4.08616,4.30138,4.51085,4.71481,4.91347,5.10702,5.29568,5.47961,5.659,5.834,6.00479,6.17151,6.3343,6.4933,6.64864,7.23605,7.9595,8.78252,9.72716,10.8225,12.1079,13.6373,15.4876,17.7715,20,20,20,20,20,20,20,20,20,20,20,20,20,20,20,20,20,20,20,20,20,20,20,20,20,20
0.102,-11.1214,-9.98399,-9.00565,-8.15522,-7.40916,-6.74936,-6.53282,-6.37487,-6.21315,-6.04755,-5.87791,-5.7041,-5.52595,-5.34329,-5.15596,-4.96378,-4.76654,-4.56406,-4.35612,-4.1425,-3.92295,-3.69723,-3.46508,-3.22622,-2.98035,-2.72716,-2.46632,-2.19747,-1.92025,-1.63425,-1.33905,-1.0342,-0.719223,-0.393601,-0.0567875,0.283535,0.612804,0.93126,1.23943,1.53779,1.82682,2.10694,2.37855,2.64205,2.89778,3.14609,3.38729,3.62169,3.84956,4.07118,4.2868,4.49667,4.70099,4.90001,5.09391,5.28289,5.46715,5.64684,5.82214,5.99322,6.16021,6.32326,6.48252,6.63811,7.18969,7.907,8.72256,9.65805,10.742,12.0129,13.5234,15.3487,17.5984,20,20,20,20,20,20,20,20,20,20,20,20,20,20,20,20,20,20,20,20,20,20,20,20,20,20,20
0.108,-10.0556,-9.06756,-8.20931,-7.45683,-6.79169,-6.54341,-6.38571,-6.22426,-6.05893,-5.88958,-5.71605,-5.53821,-5.35587,-5.16887,-4.97702,-4.78015,-4.57804,-4.37048,-4.15725,-3.93812,-3.71284,-3.48114,-3.24275,-2.99738,-2.7447,-2.4844,-2.21612,-1.93948,-1.6541,-1.35955,-1.05538,-0.741116,-0.416244,-0.0802196,0.260576,0.590602,0.909778,1.21863,1.51765,1.8073,2.08801,2.3602,2.62424,2.88049,3.1293,3.37097,3.60583,3.83414,4.05618,4.2722,4.48245,4.68715,4.88653,5.08077,5.27009,5.45466,5.63466,5.81026,5.98162,6.14889,6.31221,6.47173,6.62756,7.14369,7.85494,8.66316,9.58963,10.6624,11.9189,13.411,15.2118,17.4279,20,20,20,20,20,20,20,20,20,20,20,20,20,20,20,20,20,20,20,20,20,20,20,20,20,20,20,20
0.114,-9.13003,-8.26386,-7.50487,-6.83433,-6.55397,-6.39652,-6.23534,-6.07028,-5.90121,-5.72799,-5.55044,-5.36842,-5.18175,-4.99024,-4.79372,-4.59198,-4.3848,-4.17198,-3.95326,-3.72841,-3.49717,-3.25925,-3.01436,-2.7622,-2.50244,-2.23472,-1.95867,-1.6739,-1.38,-1.07651,-0.762955,-0.438831,-0.103592,0.237568,0.568353,0.888251,1.19779,1.49747,1.78774,2.06905,2.34181,2.60639,2.86317,3.11247,3.35463,3.58994,3.81869,4.04115,4.25758,4.46822,4.67329,4.87302,5.06761,5.25726,5.44215,5.62246,5.79836,5.97001,6.13755,6.30114,6.46091,6.617,7.09807,7.80333,8.6043,9.52187,10.5835,11.8261,13.3,15.0767,17.2601,20,20,20,20,20,20,20,20,20,20,20,20,20,20,20,20,20,20,20,20,20,20,20,20,20,20,20,20,20
0.12,-8.31886,-7.55329,-6.87728,-6.56451,-6.40732,-6.2464,-6.08161,-5.91283,-5.73989,-5.56265,-5.38094,-5.1946,-5.00343,-4.80726,-4.60589,-4.3991,-4.18667,-3.96837,-3.74395,-3.51316,-3.27571,-3.03131,-2.77966,-2.52043,-2.25327,-1.97781,-1.69366,-1.4004,-1.09758,-0.784739,-0.46136,-0.126904,0.21451,0.546057,0.86668,1.17691,1.47724,1.76814,2.05005,2.32338,2.58851,2.84581,3.09561,3.33825,3.57402,3.80321,4.02609,4.24293,4.45395,4.6594,4.85949,5.05443,5.24441,5.42962,5.61024,5.78644,5.95837,6.12619,6.29005,6.45008,6.60642,7.05281,7.75216,8.54597,9.45478,10.5055,11.7343,13.1904,14.9436,17.0949,19.7974,20,20,20,20,20,20,20,20,20,20,20,20,20,20,20,20,20,20,20,20,20,20,20,20,20,20,20,20,20
0.126,-7.60209,-6.92055,-6.57503,-6.41809,-6.25743,-6.09292,-5.92442,-5.75177,-5.57483,-5.39344,-5.20742,-5.0166,-4.82078,-4.61977,-4.41336,-4.20133,-3.98344,-3.75945,-3.52911,-3.29213,-3.04822,-2.79708,-2.53839,-2.27178,-1.99691,-1.71337,-1.42075,-1.11861,-0.806469,-0.483832,-0.150157,0.191404,0.523714,0.845063,1.15598,1.45698,1.74851,2.03102,2.30492,2.5706,2.82841,3.07872,3.32184,3.55807,3.7877,4.011,4.22824,4.43966,4.64549,4.84594,5.04122,5.23154,5.41707,5.598,5.7745,5.94672,6.11482,6.27894,6.43923,6.59582,7.00792,7.70142,8.48817,9.38833,10.4283,11.6435,13.0822,14.8122,16.9322,19.5905,20,20,20,20,20,20,20,20,20,20,20,20,20,20,20,20,20,20,20,20,20,20,20,20,20,20,20,20,20,20
0.132,-6.96414,-6.58553,-6.42884,-6.26844,-6.1042,-5.93598,-5.76363,-5.58699,-5.40591,-5.22022,-5.02973,-4.83426,-4.63362,-4.42759,-4.21595,-3.99848,-3.77492,-3.54502,-3.30851,-3.06509,-2.81446,-2.5563,-2.29025,-2.01596,-1.73303,-1.44105,-1.13958,-0.828144,-0.506248,-0.173351,0.168249,0.501325,0.823403,1.13502,1.43667,1.72883,2.01194,2.28642,2.55265,2.81099,3.0618,3.30539,3.54208,3.77216,3.99589,4.21354,4.42535,4.63155,4.83236,5.02799,5.21864,5.4045,5.58574,5.76253,5.93504,6.10342,6.26781,6.42836,6.5852,6.96338,7.65111,8.4309,9.32253,10.352,11.5538,12.9752,14.6826,16.7719,19.3872,20,20,20,20,20,20,20,20,20,20,20,20,20,20,20,20,20,20,20,20,20,20,20,20,20,20,20,20,20,20,20
0.138,-6.59601,-6.43957,-6.27943,-6.11546,-5.94752,-5.77545,-5.59912,-5.41835,-5.23298,-5.04284,-4.84772,-4.64744,-4.44179,-4.23054,-4.01348,-3.79035,-3.5609,-3.32485,-3.08192,-2.8318,-2.57416,-2.30867,-2.03496,-1.75264,-1.4613,-1.1605,-0.849764,-0.528606,-0.196485,0.145045,0.47889,0.801698,1.11401,1.41632,1.70912,1.99283,2.26788,2.53466,2.79353,3.04484,3.28892,3.52608,3.75659,3.98075,4.19881,4.41101,4.61758,4.81876,5.01474,5.20572,5.3919,5.57345,5.75055,5.92334,6.092,6.25666,6.41747,6.57456,6.9192,7.60123,8.37414,9.25737,10.2764,11.4651,12.8696,14.5548,16.614,19.1873,20,20,20,20,20,20,20,20,20,20,20,20,20,20,20,20,20,20,20,20,20,20,20,20,20,20,20,20,20,20,20,20
0.144,-6.45027,-6.2904,-6.12669,-5.95903,-5.78726,-5.61122,-5.43077,-5.24572,-5.05591,-4.86114,-4.66123,-4.45595,-4.2451,-4.02845,-3.80575,-3.57674,-3.34116,-3.09871,-2.84909,-2.59199,-2.32705,-2.05392,-1.7722,-1.4815,-1.18136,-0.87133,-0.550906,-0.219558,0.121793,0.456407,0.779948,1.09296,1.39594,1.68937,1.97368,2.24931,2.51664,2.77604,3.02786,3.27242,3.51004,3.741,3.96558,4.18405,4.39664,4.60359,4.80513,5.00146,5.19278,5.37928,5.56115,5.73854,5.91163,6.08057,6.2455,6.40657,6.56391,6.87537,7.55177,8.31789,9.19283,10.2016,11.3773,12.7653,14.4287,16.4585,18.9908,20,20,20,20,20,20,20,20,20,20,20,20,20,20,20,20,20,20,20,20,20,20,20,20,20,20,20,20,20,20,20,20,20
0.15,-6.30134,-6.1379,-5.97052,-5.79903,-5.6233,-5.44316,-5.25843,-5.06896,-4.87454,-4.67498,-4.47009,-4.25963,-4.04338,-3.82111,-3.59254,-3.35742,-3.11546,-2.86635,-2.60977,-2.34538,-2.07283,-1.79172,-1.50165,-1.20218,-0.892842,-0.57315,-0.242572,0.0984926,0.43388,0.758155,1.07186,1.37551,1.66957,1.9545,2.23071,2.49859,2.75852,3.01084,3.25589,3.49397,3.72537,3.95038,4.16926,4.38225,4.58958,4.79148,4.98816,5.17982,5.36664,5.54882,5.72651,5.89989,6.06911,6.23431,6.39564,6.55324,6.83188,7.50273,8.26214,9.12891,10.1275,11.2906,12.6623,14.3043,16.3053,18.7975,20,20,20,20,20,20,20,20,20,20,20,20,20,20,20,20,20,20,20,20,20,20,20,20,20,20,20,20,20,20,20,20,20,20
0.156,-6.14909,-5.98198,-5.81079,-5.63535,-5.45552,-5.27112,-5.08197,-4.8879,-4.68871,-4.48419,-4.27412,-4.05828,-3.83643,-3.60831,-3.37365,-3.13217,-2.88356,-2.62751,-2.36367,-2.09169,-1.81119,-1.52175,-1.22294,-0.914298,-0.595336,-0.265527,0.0751431,0.411305,0.736317,1.05073,1.35504,1.64974,1.93528,2.21206,2.4805,2.74096,2.99379,3.23932,3.47787,3.70972,3.93516,4.15445,4.36783,4.57554,4.77781,4.97484,5.16683,5.35398,5.53647,5.71447,5.88814,6.05764,6.22311,6.3847,6.54255,6.78874,7.45409,8.20689,9.06561,10.0543,11.2048,12.5605,14.1815,16.1544,18.6075,20,20,20,20,20,20,20,20,20,20,20,20,20,20,20,20,20,20,20,20,20,20,20,20,20,20,20,20,20,20,20,20,20,20,20
0.162,-5.99342,-5.82251,-5.64738,-5.46785,-5.28377,-5.09496,-4.90124,-4.7024,-4.49826,-4.28858,-4.07315,-3.85172,-3.62404,-3.38984,-3.14884,-2.90073,-2.64521,-2.38192,-2.11051,-1.83061,-1.5418,-1.24365,-0.9357,-0.617466,-0.288421,0.0517456,0.388685,0.714436,1.02955,1.33453,1.62987,1.91602,2.19339,2.46238,2.72337,2.97671,3.22273,3.46174,3.69404,3.91991,4.13961,4.35339,4.56148,4.76411,4.96149,5.15383,5.3413,5.52411,5.7024,5.87636,6.04614,6.21189,6.37374,6.53184,6.74594,7.40586,8.15214,9.0029,9.98174,11.1199,12.4599,14.0604,16.0056,18.4205,20,20,20,20,20,20,20,20,20,20,20,20,20,20,20,20,20,20,20,20,20,20,20,20,20,20,20,20,20,20,20,20,20,20,20,20
0.168,-5.83421,-5.65937,-5.48016,-5.2964,-5.10792,-4.91454,-4.71607,-4.51229,-4.30301,-4.08798,-3.86697,-3.63973,-3.40599,-3.16547,-2.91786,-2.66286,-2.40012,-2.12928,-1.84998,-1.56179,-1.2643,-0.957047,-0.639538,-0.311255,0.0282997,0.366018,0.692511,1.00833,1.31399,1.60997,1.89672,2.17467,2.44422,2.70575,2.9596,3.20611,3.44559,3.67834,3.90464,4.12475,4.33892,4.54739,4.75039,4.94812,5.1408,5.3286,5.51172,5.69032,5.86457,6.03463,6.20065,6.36277,6.52112,6.70348,7.35804,8.09786,8.94078,9.90996,11.036,12.3605,13.9408,15.8591,18.2366,20,20,20,20,20,20,20,20,20,20,20,20,20,20,20,20,20,20,20,20,20,20,20,20,20,20,20,20,20,20,20,20,20,20,20,20,20
0.174,-5.67134,-5.49243,-5.30899,-5.12085,-4.92782,-4.7297,-4.5263,-4.3174,-4.10278,-3.88219,-3.65539,-3.42211,-3.18206,-2.93495,-2.68047,-2.41827,-2.14801,-1.8693,-1.58174,-1.28491,-0.978338,-0.661553,-0.334029,0.00480635,0.343306,0.670542,0.987068,1.2934,1.59002,1.87739,2.15593,2.42604,2.68809,2.94246,3.18945,3.4294,3.6626,3.88933,4.10986,4.32443,4.53328,4.73665,4.93473,5.12774,5.31588,5.49931,5.67821,5.85276,6.0231,6.18939,6.35177,6.51038,6.66534,7.31061,8.04407,8.87926,9.8389,10.9531,12.2623,13.8228,15.7146,18.0557,20,20,20,20,20,20,20,20,20,20,20,20,20,20,20,20,20,20,20,20,20,20,20,20,20,20,20,20,20,20,20,20,20,20,20,20,20,20
0.18,-5.50468,-5.32156,-5.13375,-4.94106,-4.7433,-4.54027,-4.33176,-4.11754,-3.89737,-3.67101,-3.43818,-3.19861,-2.952,-2.69804,-2.43638,-2.16669,-1.88857,-1.60164,-1.30545,-0.999574,-0.683511,-0.356744,-0.0187242,0.320549,0.64853,0.965765,1.27277,1.57004,1.85802,2.13714,2.40781,2.67041,2.92528,3.17277,3.41319,3.64684,3.874,4.09494,4.30991,4.51915,4.72288,4.92132,5.11467,5.30313,5.48688,5.66609,5.84093,6.01155,6.17811,6.34076,6.49962,6.65482,7.26358,7.99076,8.81831,9.76856,10.871,12.1653,13.7064,15.5722,17.8776,20,20,20,20,20,20,20,20,20,20,20,20,20,20,20,20,20,20,20,20,20,20,20,20,20,20,20,20,20,20,20,20,20,20,20,20,20,20,20
0.186,-5.3341,-5.14662,-4.95427,-4.75687,-4.55421,-4.34609,-4.13227,-3.91252,-3.68659,-3.45422,-3.21512,-2.96901,-2.71556,-2.45445,-2.18532,-1.9078,-1.62148,-1.32595,-1.02076,-0.705409,-0.379398,-0.042173,0.297745,0.626474,0.944419,1.2521,1.55002,1.83861,2.11833,2.38956,2.65269,2.90808,3.15606,3.39695,3.63105,3.85864,4.08,4.29537,4.50499,4.70909,4.90788,5.10158,5.29036,5.47443,5.65394,5.82907,5.99998,6.16682,6.32973,6.48884,6.6443,7.21693,7.93791,8.75794,9.69893,10.7898,12.0694,13.5914,15.4319,17.7024,20,20,20,20,20,20,20,20,20,20,20,20,20,20,20,20,20,20,20,20,20,20,20,20,20,20,20,20,20,20,20,20,20,20,20,20,20,20,20,20
0.192,-5.15946,-4.96745,-4.77041,-4.56812,-4.36038,-4.14696,-3.92763,-3.70213,-3.47022,-3.23159,-2.98597,-2.73304,-2.47247,-2.20391,-1.92697,-1.64128,-1.3464,-1.04188,-0.727252,-0.401992,-0.0655578,0.274897,0.604375,0.923033,1.2314,1.52996,1.81917,2.09947,2.37127,2.63494,2.89084,3.13931,3.38068,3.61523,3.84326,4.06503,4.2808,4.4908,4.69527,4.89442,5.08846,5.27758,5.46196,5.64178,5.8172,5.9884,6.15551,6.31868,6.47805,6.63375,7.17067,7.88552,8.69812,9.63,10.7095,11.9746,13.4779,15.2935,17.5299,20,20,20,20,20,20,20,20,20,20,20,20,20,20,20,20,20,20,20,20,20,20,20,20,20,20,20,20,20,20,20,20,20,20,20,20,20,20,20,20,20
0.198,-4.98061,-4.78392,-4.582,-4.37464,-4.16162,-3.9427,-3.71764,-3.48618,-3.24803,-3.0029,-2.75048,-2.49045,-2.22244,-1.9461,-1.66102,-1.36679,-1.06295,-0.749036,-0.424526,-0.0888802,0.252003,0.582233,0.901607,1.21065,1.50986,1.79969,2.08059,2.35295,2.61716,2.87357,3.12254,3.36438,3.59939,3.82785,4.05004,4.26621,4.4766,4.68144,4.88094,5.07532,5.26477,5.44947,5.62959,5.80532,5.97679,6.14418,6.30761,6.46724,6.62319,7.12478,7.83359,8.63887,9.56175,10.63,11.881,13.3659,15.157,17.3602,20,20,20,20,20,20,20,20,20,20,20,20,20,20,20,20,20,20,20,20,20,20,20,20,20,20,20,20,20,20,20,20,20,20,20,20,20,20,20,20,20,20
0.204,-4.79739,-4.59584,-4.38886,-4.17624,-3.95774,-3.73311,-3.5021,-3.26442,-3.01978,-2.76788,-2.50838,-2.24094,-1.96518,-1.68072,-1.38713,-1.08397,-0.770763,-0.447,-0.112139,0.229066,0.560048,0.880138,1.18987,1.48972,1.78018,2.06166,2.33459,2.59934,2.85628,3.10574,3.34805,3.58351,3.81241,4.03502,4.25159,4.46237,4.66758,4.86744,5.06216,5.25194,5.43696,5.61739,5.79341,5.96517,6.13283,6.29653,6.45641,6.61261,7.07928,7.78212,8.58017,9.49419,10.5514,11.7884,13.2552,15.0225,17.1931,19.9229,20,20,20,20,20,20,20,20,20,20,20,20,20,20,20,20,20,20,20,20,20,20,20,20,20,20,20,20,20,20,20,20,20,20,20,20,20,20,20,20,20,20
0.21,-4.60965,-4.40306,-4.19083,-3.97274,-3.74855,-3.51798,-3.28077,-3.03662,-2.78523,-2.52627,-2.25938,-1.98421,-1.70036,-1.40742,-1.10493,-0.792433,-0.469415,-0.135336,0.206083,0.53782,0.858629,1.16904,1.46955,1.76063,2.04271,2.3162,2.58149,2.83895,3.08891,3.3317,3.56761,3.79695,4.01998,4.23695,4.44811,4.6537,4.85392,5.04898,5.23909,5.42443,5.60517,5.78148,5.95353,6.12146,6.28543,6.44557,6.60202,7.03415,7.73109,8.52201,9.42729,10.4737,11.6969,13.146,14.8899,17.0286,19.7134,20,20,20,20,20,20,20,20,20,20,20,20,20,20,20,20,20,20,20,20,20,20,20,20,20,20,20,20,20,20,20,20,20,20,20,20,20,20,20,20,20,20,20
0.216,-4.41721,-4.20539,-3.98771,-3.76394,-3.53382,-3.29708,-3.05342,-2.80254,-2.54411,-2.27778,-2.0032,-1.71996,-1.42765,-1.12584,-0.814045,-0.491768,-0.158469,0.183055,0.51555,0.837079,1.14818,1.44934,1.74104,2.02372,2.29778,2.56362,2.82159,3.07205,3.31531,3.55169,3.78146,4.00491,4.22229,4.43384,4.63979,4.84037,5.03578,5.22622,5.41188,5.59292,5.76953,5.94187,6.11008,6.27431,6.43471,6.5914,6.98938,7.6805,8.46439,9.36106,10.3967,11.6065,13.0382,14.759,16.8666,19.5077,20,20,20,20,20,20,20,20,20,20,20,20,20,20,20,20,20,20,20,20,20,20,20,20,20,20,20,20,20,20,20,20,20,20,20,20,20,20,20,20,20,20,20,20
0.222,-4.21991,-4.00264,-3.7793,-3.54963,-3.31335,-3.07018,-2.8198,-2.5619,-2.29613,-2.02213,-1.7395,-1.44784,-1.14669,-0.8356,-0.514062,-0.18154,0.159982,0.493238,0.81549,1.12728,1.4291,1.72142,2.00469,2.27933,2.54571,2.8042,3.05516,3.2989,3.53573,3.76595,3.98982,4.2076,4.41954,4.62586,4.8268,5.02256,5.21333,5.3993,5.58066,5.75757,5.93019,6.09868,6.26318,6.42384,6.58078,6.94498,7.63035,8.40729,9.29547,10.3206,11.5171,12.9316,14.63,16.7071,19.3054,20,20,20,20,20,20,20,20,20,20,20,20,20,20,20,20,20,20,20,20,20,20,20,20,20,20,20,20,20,20,20,20,20,20,20,20,20,20,20,20,20,20,20,20,20
0.228,-4.01754,-3.79462,-3.5654,-3.32958,-3.08689,-2.83703,-2.57966,-2.31444,-2.04101,-1.75899,-1.46796,-1.16749,-0.857098,-0.536295,-0.204548,0.136865,0.470881,0.793858,1.10634,1.40881,1.70177,1.98564,2.26084,2.52777,2.78679,3.03824,3.28246,3.51975,3.75041,3.9747,4.19288,4.40521,4.61192,4.81321,5.00932,5.20042,5.38671,5.56838,5.74559,5.9185,6.08726,6.25203,6.41294,6.57013,6.90094,7.58063,8.35072,9.23053,10.2453,11.4287,12.8265,14.5028,16.55,19.1066,20,20,20,20,20,20,20,20,20,20,20,20,20,20,20,20,20,20,20,20,20,20,20,20,20,20,20,20,20,20,20,20,20,20,20,20,20,20,20,20,20,20,20,20,20,20
0.234,-3.80991,-3.58112,-3.34577,-3.10357,-2.8542,-2.59736,-2.3327,-2.05985,-1.77844,-1.48804,-1.18823,-0.878537,-0.558468,-0.227493,0.113704,0.448485,0.772188,1.08536,1.38849,1.68207,1.96654,2.24232,2.5098,2.76934,3.0213,3.266,3.50375,3.73484,3.95955,4.17815,4.39087,4.59794,4.7996,4.99605,5.18749,5.3741,5.55608,5.73358,5.90678,6.07582,6.24086,6.40203,6.55947,6.85726,7.53134,8.29467,9.16623,10.1708,11.3413,12.7226,14.3772,16.3953,18.9112,20,20,20,20,20,20,20,20,20,20,20,20,20,20,20,20,20,20,20,20,20,20,20,20,20,20,20,20,20,20,20,20,20,20,20,20,20,20,20,20,20,20,20,20,20,20,20
0.24,-3.59681,-3.36192,-3.1202,-2.87134,-2.61502,-2.35091,-2.07864,-1.79783,-1.50806,-1.20892,-0.89992,-0.580583,-0.250375,0.0904983,0.426044,0.750476,1.06434,1.36814,1.66235,1.94742,2.22377,2.49179,2.75186,3.00432,3.2495,3.48771,3.71925,3.94439,4.16339,4.3765,4.58395,4.78597,4.98277,5.17454,5.36148,5.54376,5.72156,5.89505,6.06437,6.22968,6.39111,6.5488,6.81393,7.48247,8.23913,9.10254,10.097,11.2549,12.62,14.2534,16.2428,18.719,20,20,20,20,20,20,20,20,20,20,20,20,20,20,20,20,20,20,20,20,20,20,20,20,20,20,20,20,20,20,20,20,20,20,20,20,20,20,20,20,20,20,20,20,20,20,20,20
0.246,-3.37803,-3.13679,-2.88843,-2.63264,-2.36908,-2.09738,-1.81717,-1.52803,-1.22955,-0.921245,-0.602636,-0.273194,0.0672482,0.403562,0.728726,1.04328,1.34774,1.64259,1.92826,2.20519,2.47376,2.73435,2.98732,3.23298,3.47165,3.70363,3.9292,4.1486,4.3621,4.56993,4.77231,4.96946,5.16157,5.34883,5.53142,5.70953,5.8833,6.0529,6.21847,6.38017,6.53811,6.77095,7.43402,8.18409,9.03948,10.0241,11.1695,12.5186,14.1312,16.0927,18.53,20,20,20,20,20,20,20,20,20,20,20,20,20,20,20,20,20,20,20,20,20,20,20,20,20,20,20,20,20,20,20,20,20,20,20,20,20,20,20,20,20,20,20,20,20,20,20,20,20
0.252,-3.15334,-2.90548,-2.65021,-2.3872,-2.11607,-1.83646,-1.54795,-1.25012,-0.942512,-0.624629,-0.295951,0.0439561,0.38104,0.706935,1.02219,1.32731,1.62279,1.90907,2.18657,2.4557,2.71682,2.97029,3.21643,3.45557,3.68799,3.91398,4.1338,4.34769,4.5559,4.75864,4.95613,5.14858,5.33616,5.51907,5.69747,5.87153,6.04141,6.20726,6.36921,6.5274,6.72831,7.38598,8.12955,8.97703,9.95184,11.085,12.4185,14.0106,15.9447,18.3442,20,20,20,20,20,20,20,20,20,20,20,20,20,20,20,20,20,20,20,20,20,20,20,20,20,20,20,20,20,20,20,20,20,20,20,20,20,20,20,20,20,20,20,20,20,20,20,20,20,20
0.258,-2.92249,-2.66774,-2.40527,-2.13471,-1.85569,-1.56782,-1.27064,-0.963721,-0.646561,-0.318644,0.0206178,0.358475,0.685104,1.00106,1.30685,1.60296,1.88984,2.16793,2.4376,2.69925,2.95323,3.19986,3.43946,3.67232,3.89874,4.11897,4.33325,4.54184,4.74494,4.94279,5.13557,5.32347,5.50669,5.6854,5.85975,6.02991,6.19602,6.35824,6.51668,6.68602,7.33834,8.0755,8.91518,9.88037,11.0015,12.3196,13.8917,15.799,18.1614,20,20,20,20,20,20,20,20,20,20,20,20,20,20,20,20,20,20,20,20,20,20,20,20,20,20,20,20,20,20,20,20,20,20,20,20,20,20,20,20,20,20,20,20,20,20,20,20,20,20,20
0.264,-2.68522,-2.42329,-2.1533,-1.87488,-1.58763,-1.29111,-0.984872,-0.668434,-0.341275,-0.00283851,0.335869,0.663233,0.979888,1.28635,1.5831,1.87059,2.14925,2.41948,2.68166,2.93614,3.18325,3.42332,3.65663,3.88348,4.10411,4.31879,4.52776,4.73123,4.92942,5.12254,5.31077,5.4943,5.67331,5.84795,6.01839,6.18477,6.34725,6.50595,6.661,7.29111,8.02194,8.85392,9.80963,10.9189,12.2219,13.7743,15.6553,17.9816,20,20,20,20,20,20,20,20,20,20,20,20,20,20,20,20,20,20,20,20,20,20,20,20,20,20,20,20,20,20,20,20,20,20,20,20,20,20,20,20,20,20,20,20,20,20,20,20,20,20,20,20
0.27,-2.44127,-2.17185,-1.89402,-1.60739,-1.31152,-1.00597,-0.690245,-0.363841,-0.0262006,0.31322,0.641324,0.958681,1.26581,1.56319,1.8513,2.13054,2.40133,2.66404,2.91902,3.16662,3.40716,3.64092,3.86819,4.08923,4.30431,4.51365,4.71749,4.91603,5.10949,5.29804,5.48189,5.6612,5.83613,6.00685,6.17351,6.33624,6.49519,6.65049,7.24428,7.96885,8.79325,9.73961,10.8372,12.1253,13.6585,15.5137,17.8046,20,20,20,20,20,20,20,20,20,20,20,20,20,20,20,20,20,20,20,20,20,20,20,20,20,20,20,20,20,20,20,20,20,20,20,20,20,20,20,20,20,20,20,20,20,20,20,20,20,20,20,20,20.0001
0.276,-2.19034,-1.91311,-1.62709,-1.33187,-1.027,-0.711999,-0.386345,-0.0494969,0.290532,0.619376,0.937436,1.24523,1.54326,1.83197,2.1118,2.38314,2.64638,2.90188,3.14997,3.39097,3.62517,3.85288,4.07433,4.28981,4.49953,4.70373,4.90262,5.09642,5.2853,5.46946,5.64907,5.8243,5.9953,6.16222,6.32522,6.48443,6.63997,7.19785,7.91625,8.73315,9.67031,10.7564,12.03,13.5441,15.3742,17.6305,20,20,20,20,20,20,20,20,20,20,20,20,20,20,20,20,20,20,20,20,20,20,20,20,20,20,20,20,20,20,20,20,20,20,20,20,20,20,20,20,20,20,20,20,20,20,20,20,20,20,20,20,20.0001,20.0001
0.282,-1.93214,-1.64674,-1.35217,-1.04798,-0.733691,-0.408788,-0.072727,0.267802,0.597387,0.916154,1.22463,1.52329,1.81261,2.09302,2.36493,2.6287,2.88471,3.13329,3.37475,3.60941,3.83754,4.05941,4.27528,4.48538,4.68995,4.8892,5.08333,5.27254,5.45701,5.63693,5.81244,5.98373,6.15093,6.31419,6.47364,6.62943,7.1518,7.86411,8.67363,9.60172,10.6765,11.9357,13.4313,15.2366,17.4592,20,20,20,20,20,20,20,20,20,20,20,20,20,20,20,20,20,20,20,20,20,20,20,20,20,20,20,20,20,20,20,20,20,20,20,20,20,20,20,20,20,20,20,20,20,20,20,20,20,20,20,20,20.0001,20.0001,20.0001
0.288,-1.66634,-1.37242,-1.06891,-0.755324,-0.431168,-0.0958923,0.245031,0.57536,0.894835,1.20398,1.50329,1.79323,2.07422,2.34668,2.61099,2.86751,3.11658,3.35851,3.59362,3.82218,4.04446,4.26073,4.47122,4.67615,4.87575,5.07022,5.25976,5.44455,5.62476,5.80057,5.97214,6.13961,6.30313,6.46285,6.61888,7.10613,7.81243,8.61466,9.53382,10.5975,11.8426,13.3199,15.1011,17.2906,20,20,20,20,20,20,20,20,20,20,20,20,20,20,20,20,20,20,20,20,20,20,20,20,20,20,20,20,20,20,20,20,20,20,20,20,20,20,20,20,20,20,20,20,20,20,20,20,20,20,20,20.0001,20.0001,20.0001,20.0001,20.0001
0.294,-1.39261,-1.08977,-0.776895,-0.453484,-0.118992,0.222217,0.553293,0.873477,1.1833,1.48325,1.7738,2.05538,2.32841,2.59325,2.85028,3.09984,3.34225,3.5778,3.8068,4.0295,4.24616,4.45703,4.66233,4.86228,5.05709,5.24696,5.43206,5.61258,5.78869,5.96054,6.12828,6.29207,6.45203,6.60831,7.06085,7.76121,8.55626,9.4666,10.5193,11.7505,13.2099,14.9674,17.1246,19.8356,20,20,20,20,20,20,20,20,20,20,20,20,20,20,20,20,20,20,20,20,20,20,20,20,20,20,20,20,20,20,20,20,20,20,20,20,20,20,20,20,20,20,20,20,20,20,20,20,20,20,20.0001,20.0001,20.0001,20.0001,20.0001,20.0001
